pOaM7FkXM8lEQmqA32gqUw,1
TQasUKgKxJGMINAXuNE63A,1
s_rPbgLOpWDgulVn9wd7GQ,0
DIYHTgM-YGKWOWLzQ4XVhA,0
VZYMInkjRJVHwXVFqeoMWg,0
kEyCMHBnohaWc81omLDfYg,0
wdEnI9WTLHiqSCH1RdJ40w,0
uMO2dbCPPXNlifLqmDcVhQ,1
-I2-9X1hbqTUH3XwvPMJjA,1
YxMnfznT3eYya0YV37tE8w,1
Xbxve72Hp5cWWj96ThGNtg,1
d47eCbPAEWha4KHmjMB_Ew,-1
vIDQO_9Ytf10vEndDOih8Q,1
txCJurIIrE9ZoHu3gZUvnQ,0
j5HLcBru7FEirYJPbKFVWA,1
p8yg26BbovkfL2iw7Pcg0Q,1
j5tNIkM_UbyaiAGPqqLJcQ,1
EqyNGesG22jNfNT5pmfYgw,1
3ewMJEnQmtmMYp9hyT690w,0
H74aYRotUzWjAm8CEExOrg,0
QQvzErQ8Ijdy3SyEmYVG7Q,1
MLVKDbuI2xaOJQ4-NZj2MQ,1
K8pM6qQdYu5h6buRE1-_sw,0
WpH3Ri68nUtb6wCp8QAePw,0
K28O8R76bJFUt57ScN46Mw,1
jzxTcaIVe6zOb6H9touwaA,1
7_y_M5wRaSvNXt-q4xvlEQ,1
ZJmzBRQUXeQ6e1yv5nHNqw,1
qdI9KaRhOzaJRK0dvGUSaw,0
97AFYADGuOJX-mx8YPFZpg,0
SPqPt-K6qzTutj_vWOgKGA,-1
JNTpW2zBftGllVr7iieazQ,1
vB3vEjcw9dfHmgP8ac5ZMQ,0
iNvY0zAlaD_ye7Z6rHu-Ug,0
9tefv6uPxoHhp_OlQQJVXA,-1
-UHDEY88hqUtrTPWfQ5CgQ,1
uflQ_lKBfS6WknNlm_HK8g,1
Fl9lKEaY10EnXxekPcHPPg,1
zwJX3eetOhpi-gv4-E4rcQ,2
WzhHlaEyaHE4KIFfcqC_9g,1
rw7JAQHE5Kpgs6YUMBeaBA,2
gkv2XvXpFgiq4Bb2XK7YmQ,0
eW-hTjKrt91NnQ9xzMYtDQ,1
BkRnVd0B3y7Nd3VoIvn99w,1
dajwInsYeaIsRLY6vd6Zzw,2
hzUOqxpcnYYBgLlrgvjQYQ,0
QNTEBnxx45nJQTZcCVRRjA,0
AX56yxldIb7TPBHMaPqOmg,1
b7DYG6rI5l-9oHxBJ0iNtA,0
STv-ED3M2xmRFMSvQbWGaw,0
H7KzlC0-o1wIhlGg-Me5Ag,0
LjwXnAjusrwCZGsWV3Ue8Q,0
avvNnkpGpGIS-2CClsduXA,1
Pfb6VOIiroqDWOebfgWGPQ,1
70t-ybLLFRTEKZ28sRCH2w,0
T5HYqRADhAL6VPRAacz74Q,0
N-gqIeVDebI3qgwxf1jMcw,0
oABEe2gmsT-FiW1kGPVTOw,0
Y2nuyOKrr8Kg9omMghnHWA,2
Em8zrIuxwBXnIZMDMreErQ,1
2ge-XuBnZ3RWWnBFWt2X3w,1
Ta-fY1c_E8qHBBDQGyxPkg,1
G7-NoraGlmzwO0sgs4fbmQ,0
wZwZcte4lcbu51NOzCjWbQ,1
A-ZhvQa5A-XSqZB3HH6TVw,1
eOPxvbzFTBjO5LSV3uYMug,1
UIGFrEcoDsw05I1UOrxdOA,1
19hZVXTJ8nGUMBsuIfgm5g,1
CqhsIZ7TzCfJTrZqg5-gqQ,0
9IbQxDmWBG2t8w9nw9VgEA,1
zoHCkEiIKfXiLTKUqKEojQ,0
xuEsUDFIWIEnBXvj1EBXlw,-1
z0xEfgr1-lDqVatrX-rf-A,1
mW8B1zfP00peHsOskq5GEw,0
OqRD-pLL7JNyYvmbcNmaDQ,0
BVtHYiNpte5Ldk1gMO0fEg,1
NzmTnhKa17kZbuc-M0u41w,0
nk6_ipMkmUvUtq6Xvncf0A,1
7iFL3b8m4PT0kxosv-SB_A,1
cvb__rYMkj4BMhC3p_FB3Q,0
dNsKB5LA2Mf8BDqTS_FAIA,0
Ewf8sZkyCfhi8Nu9LbEc6A,1
qLh_1_vILLgBB5BFU0HYUA,0
kJ2aJFIJIK_Hnr8aj043kw,1
uEW1NwL9h5N0zI2Ip9UKrQ,0
MiVcQsXp3TYUmeD7FSa-hA,1
iPOvppPpoMPUMPyVN81JLQ,0
VpW40mznMS43CqdbelX2wA,1
Cr7RAu2aS3yyioaAYaJ8Dw,0
3msnZ6oe0sslHsE1js1QUA,1
UVBPF4oYrb0QfgW_DMbLPg,0
Btmq4WdwevpVWTPjhzf1YQ,1
2unQHR9uaRxk3dsW6f3MGA,0
auorqdHiATGZHVd-sd79ZQ,1
Y2Lfzulh_D9nNcuH49UT4w,1
9qxRn-qokwlmnRnv6-baLA,1
x2rDXUQhxkUE0DUQ_bFFNg,1
-6O53B-ksqSKzWM6Y9moEQ,1
SkcccvAydbt5zlQI0EUL2g,0
kNnk3xy9eb4ym8nljQUGlA,0
TepT2VeFe3tMYdAiqj12vg,2
TMq92PhrL-tQS3qOsNIXUA,0
y6uO4ydAwBHUujfiSktxZg,1
UeYT4UMnfpb9lJkmKnz17w,1
B6sT5YGBYB9KfhkiZtzQ4A,1
GNZuoHxehd_3Kej7eXj8iQ,1
Mmz8iWNfeXkp1dIP0FkTaw,1
gHKB66up5VluCWT4vuSZpw,0
14NSxaXBNspIVnsrMYJZVw,0
ai4e0PDmLLrlieV1oeo3XA,2
1TB4WNBOdNQkueagIUh_FA,1
nH-M4tv-GF5-aTWJM3iqHg,1
OkXpdUozVS3vjSRtCoSIvw,1
R7YlKfLpoFDAJQB9hBcQJA,1
Y3a3RkR97J_ReiKgiMXeJg,0
FHOY9V6jkxT5lrkpxOYXOg,0
a9Wk44qJLWoJQT-_H8MB-w,1
OfoG4gnacvSo2vG9285njQ,1
8PYmv83XaJTioz5_A-SVxA,0
s87D-mtAuJ8BluKgYYsXGw,1
Vu8od1U-h5qqwj3Jf_Hnzg,1
FxteKHchB9rFBHTZNTZH_A,1
aQ9qHCd6OBIOvClTlnZrZg,0
SgGINtDKQgoXoAnQgrDKDg,-1
I3KRHQvoLB6O_MZ2-UpynQ,0
zlatJeuJl05vsJoHM6XEDA,1
s5roBvbA79SQaO4FHkJgGw,1
4jf5PMaxpcgA_fhirn5GgA,1
iDoigI3605ixHl_qHly3Tg,0
7SoGPn8dvce7A1aHdBOGLA,1
SDwYQ6eSu1htn8vHWv128g,0
yJr24Yy1K6bt2G9fX3_zPA,1
waOHPeROjKPz-KXqlSsoWA,0
xMK01ZbVUYLLoyqoeWAIVw,1
lf42gtgq_2_jPvjfp_K1nQ,1
dlBKl_UBkiAol4KgCUG5uw,-1
5vgmIwBB48fwo_WC8vGiXA,0
HrD4U4wvzkmpHranLW7W6g,1
0qUesn1TBPpPjW20h5Lqfg,1
Vvh2Hd4SsZjEEfKLNKAEWw,1
bEQjf7c-9qkNWgXvriSGZw,2
JxgoluY8hnC34cys_f80xA,0
0_3hrGrrP-J5eeHRwQfZ6w,0
E6DnUFy3GoN4DxTqturtug,1
AoO0FJyUm01lmIJJTcPWEQ,1
4O8NrAHjO6Tb_Xa_YT-Xjg,1
g3WAdIH2ULX6hFI6hOfBWw,1
podj1OWSL3oEJsOpGj8SUw,0
NX5YHSIyesufcsI7Rg5NLg,-1
C4_VnxikagdjSbNQiblzYw,1
pdsK3YZfXZbzOEVpGNcilg,1
Tk2dSL0TwQeI_zNJmb442A,0
LqfCXOcyNPzDtBgy5M9VFA,1
pQAIM21Yw4eNdbha2Rxkcg,0
vP61sXEXF4SssXR5zIhrGA,0
GIGI8bJfN6HyPzmEW-QqjA,0
s5BD7v8zO-YCjm9xnOLo8g,1
QSCeI8HdUluG-YmbDWo-fw,1
MAFjNfDWJRgWCw8IOC7mew,0
rGHktXbee4CErLsMrPqbrA,1
2MHIzCgnuLrLJcorln_7WQ,1
KVq-1WEJNKK2NqFC7nUoRg,1
NQhPkGeHiljeg7tXPTHJeA,1
vFJmFFfPVhHkC3bWOeZnNA,0
FjQWjXvFCdrgdU3Rgi3b3w,1
HAMKYsgtJ6fEBUZzTMhZwA,1
gA5CuBxF-0CnOpGnryWJdQ,-1
bxToHIsD37NjEsW_eE92mA,-1
kjZJsF1juY_pTOw_A8Ve6w,1
dG7KLQ1a584wI5jSADIPIg,0
oqZPXoenkQvAKQJ2pDCo0A,0
CAhyiTcoGeAqaP018FX0cQ,0
4eFIVmbeCvJGCrhzmd-VYA,0
6cjlpYce-eaE7FILaaEFXg,1
68_EJEA9Ibo55EDp3d-nOg,1
c3xkboF2p9rfzUFpBBn_tQ,-1
L19_1cG2ALVjdBQ456h26A,1
-d1I0dwtCg1IIjnI3DZ38Q,1
JNEeWjajyZPrwMb1cYi_pg,0
OrXzZB0M0DbPXx3F_X6GkA,1
jSEcE8AY-mzGq9EOiyrtng,1
fG3yJmDXfSU8eW8HY1K3aQ,1
_TWT58PWunYIyPgpz1fuog,0
I20sRbcEK8Ib1YFQFMoERg,0
W8Gjzs5mxSU9aA77l-V9fA,1
4zBdx_EZFaDFJ9MvqxYNeg,1
apEkYsUz31lI3tcJoC4HbA,0
UCaF3g4e1Diqpf0A06smag,1
7UTlEVHU5v2xBLdkGghyzQ,1
En2GuQV7FoOGHhXX5SMEBg,1
ZjpCTpG87cmd9agfpz-EaQ,1
W9KQvVwD7AxDjh7eGQsDnQ,1
OlfNWgSITIBffeLC5KWidA,1
Y7UZz1U8FhWKuoPp-_z5Dg,0
QyDYXJRz3b4f80qsMgpPFQ,1
wc0a0XLhcMkoEQx1TbuhpQ,1
GvwDppcJLm9lso9iS2hSIw,0
W_KPYn5tKfAOY6Blz26acw,1
NVqLUZ7Vb9B_0RJm_BS64g,1
nzJxNn-tKG7kw_zf7xaYbg,0
T9BPnYNKtk6B42W0cJJXnA,1
3N__CAwM5VZOhRKmxMtImw,1
w43fQnuFAJVX9AsS06vwXA,1
MEraJIKYztC7IOzYwMe86g,0
K2_Hmmo5crTYWiT_1sWnfQ,0
q-qjZDKcBdDRuIUxj7b97g,0
3Zsjlum5kl5N5KV712aTMQ,1
-vHWAsiX0iHWJw-pkqv32Q,0
j8nyAaN_w5t6wYv-ni23sg,0
bNGR0iQTx8hXRmQv4hV5gw,-1
ld9Kl_6kcLV4B2kgxfxYIw,-1
pWPzxPPXN4IqI7RUU_8KKw,0
PzbEhqo8uz2D-3OchHIPzQ,1
JN2qXIuDXnV2d8WnSqd28A,1
rJ7HH85lo0wTNr5BiYGQ4Q,1
80peW-kivTjBBAITGTcqDQ,1
RoErsFPM0A-1SCqD-FRV_Q,-1
rqKvfrvfsM_TQMv4IP1YVw,1
PdRzCJWP7nPdYoHPdd5SOQ,1
UwQ5PWlYnHsAIj1DCW4dVw,2
9Y3aQAVITkEJYe5vLZr13w,0
cpkqVfrti-kng8782XbwuA,1
NWtC07BxIqQp76kugbvynA,1
44Up9Gbs-IKMnt7ULDWu8A,0
UxMnY3Dxafucv5cXHyfBSA,1
9UgwLTF5mSf9ip2xEYYy2g,1
c51leTTj2gxo0PdypLoQWA,-1
OjNTZTZ6HYQghJN-3jmwnA,-1
mkvGW-l5BCNQvSzjLDYoBg,0
doEZAj-NSnoEMOJl5yXcNw,1
nZBAnK1rOmV7bLVVDPJs0A,1
Xh7lpLo9TxodWgV5VdWeiA,1
Q-dsvMlhEr9TgvX8FxW4uQ,1
d_8bMNQd0mesbEUeq1U2kQ,1
w3auuIZmKCdk2UvQbonyMQ,1
Xo9Im4LmIhQrzJcO4R3ZbA,0
GqtMJxq5-7Xp1ZXXmahLaA,1
TpQMR-JFE5V0UPzTjjuwFQ,1
wUPHVWGmoBU_gykHl1Kzxg,0
yExYqENb4F6qH6kJxTOaSQ,0
edjCywtqffQ8__vM7POZbw,1
FOfhEC6rN23RQaUlsR2byw,1
IM-9thHqQbBK5tX5MfTzBQ,0
sllZXXYijYUs-n80uSa96w,0
aozcOaCMwOHG8s-lbZ6_gA,1
c9TDLIjHDt1Lrxv0U8ELxw,-1
2nzUx_M8Szyzsf4CszHasw,0
5XIvwfbIa-vuFEkkeCQ6kQ,1
1DDTdvU06tng7o0vU7-rig,1
SZvYxcvYYVRue9MXcEDjsA,1
DK3fswHjzM-y7JRXw4j82g,1
nCeeguQS-MHQRifOpKzwUg,1
7pNagv71UAR4Z3ccF8JWLQ,-1
RUcgIIvxzDbarVNzIUO-Bg,1
pas-y6Ki4gcxKfq2UhJGeQ,1
Yb2pNCxYR32XKmpirqJqeQ,1
ut-kla-EA23nJOij_dcL0Q,1
00F1t_WeyPx4eQV3kPqv5w,0
_wrA7CMbMqcWEDCNghi5cg,0
btlVeAeHKq287Ux6SrUwdw,1
VCCOmfNKYif3GA0YwsnoVg,1
lFKcrBE-1w5q0TAFxZ_Qww,0
KYZxLGAZ0VjmURSnm1SWxQ,2
Ih1TGSZyu2Q8htn2JA4tIA,1
rMsTpVM2bJIoghACAtn_uA,1
PYfbYi0M_q8sTmVBaocyow,1
2E5iuTckRcbtJm2pC1tIlQ,0
c0RSs2KYK5Y-ZlSrNq9LyA,1
xkiVHfXb0QsuXp8HRzWWGw,0
pfloinlyhv4tbxXEJ9D_yA,0
xEBqFdQf5BJO1HjeuZ1fMA,1
c2_iUhnFqctffbBCSVMEbQ,0
5kRug3bEienrpovtPRVVwg,1
1nq6zzJuVgwaHtXau97_Iw,1
3fWX1wBJDsDiMsFZ1iFzyA,0
IPmktV4dkAw1jpHZRi5mVw,0
ucCu3940jS0u_-vT6f8MVQ,0
KRqtYdnDpwqYfWkFhZYjow,0
ILm0LCXrDGs_5aGa83dgfQ,1
taDJhFyvgD17w-NoUR7WGQ,0
-8vrk9UzM2oIey95PZOHuA,1
B54ozdLlH5ozkwnweskhYg,1
DxUn-ukNL27GOuwjnFGFKA,1
RYZ08XAToBaN-bS5HHVEhQ,0
h26RO7jLyJ6YPHegwpQUPQ,1
a4wVLeSHNSHyGGbanNuCUg,1
AyPmMe8GW6J26NvT_oI88Q,0
F3SEkW6v2LJ5y6Ldo5pPaw,1
qz4ZOcv-840UjfCEYI4qZg,1
NNRUSPcXr3lGpcaaA3-Epw,0
1J1iid_qU__8_CxiS2Zw4Q,1
FPD5xXo_QPmJVo5XJKPryA,1
k0qo_gk1rB-ImG9kUZTRtw,1
u1szzmBt9M5s86s446watA,2
R2IWbpUgJQ3NRRjKQy6O_Q,1
nefBMCGgMPvOnASoyO_X1A,1
KIbFaBrZDX7rrYJInkv5Kg,0
oCA2OZcd_Jo_ggVmUx3WVw,1
9LWHrYjDQNjFSNH6VbSFrg,1
3MwUofF-CektEM52NwDaUA,-1
NA3tQYxR6Fq5O8nV6u41Tw,0
_ODHYjCmrb3W9hIGJI1uaA,0
z1Np8_oQECKWGCwJJ8864w,1
30mZ_4EnXX4xVRFkAwcHjA,1
0wK--zW6Bgqgvnob8Qc77g,1
ht17atGW3tP8dFeiJkXI_g,0
kvxrjOmicwb2njvXOJsZRw,1
LxNehlnStQY_rxEwiPof_g,1
gQjTs4BDNYSu9oJhkEsssw,1
OVFcGSh4Wu-ss8Iq_fIC-Q,0
kfveMaYeaqGVNHPitT4O9w,0
JHxbkTrLH-jpum0N0zt2XQ,1
2I666dqzs1XB6xigIKa9bA,1
9wWLF9R90BCWr6lCnj5WzQ,0
3DMvGD8ZmlMQmhwV66hdSA,1
I2v6oOTiN5kp6jxCOAWTiw,0
VNAwZUh2pLSAn9oGpYBC7w,1
ejfy33R1avFm7oygL34uQg,0
6PFPQeCM-XDrZRy0DHV2Yw,0
3xEB9FyFXolq1b_Qn_BFtg,0
h-9z4dgdEghdPLeDMLpDYA,1
LdEzAYCufZMTbWc0soCaNg,1
SCMYAkofvwKmI6ChdZFxIg,1
g6prtQ_wjBy44JsUcxZq3Q,1
b5OBIHUqtJNsOCZpwSpUWQ,1
sCv1wUWJhFmQEMw3A4lwXQ,0
HIiVx2mseVWKtx8TKfWC_A,1
4M1fVHmnSyNg-fNW247-QA,1
iAYzRvyBrSkJDu_XZ-E1zQ,0
9ocGgALmbzTZWOS7f7SYcA,1
45puCRQ6Vh_IIAy7kkfFDQ,1
OedV_QX8aD7MeLqshhWkCQ,1
11TvD4sCfA8GEqLDANpbSQ,1
MXM30GZrf4AeqR5p6berkg,2
U2hhSRVHfBryKPNTgasprA,1
5ErKAS0rHOfU33CYjDh2Aw,1
cgNIBHS2mLdbTRiodAT6EQ,1
v6lMcqsBUT02TdO9ntvDpg,1
y6-RZAlmtssiqo0OM7lCUw,1
QAe9UHKsxPdXQovBpaznMQ,1
hhaUz_YCmU7OfSR10uJGrQ,2
juzATNnxyBWEdQoDoKrEuw,1
EQxR8CKkKSmHW0fgtqVosg,1
qdA4qiSXjaiuqO4SueH9VA,-1
AOTOKHGbEorQSWr-KVmHZw,1
vSWEXsXmJw5ozuF4zqE9ng,0
U7jOpLoLXYphWFqS6JO8mQ,0
18TUn9oiW0k0yB6lheiOvw,0
H03D-h5UwPXOv64W5Iqn_Q,1
qsWxbgQwuomXvMseg23DGg,0
vA9aCw2kTgN8p2SLdm2mDA,1
SkNUbFJiJtbZjY-S_S0u7g,1
MLcXtnpzygZvQ9BtseLLlw,1
YF6Z8PhNWN0ZR33hfvZRjg,1
OcKBQXkd6H_-VvTOX_dOxg,0
nBh_r_hseU4fM92-tKaivw,0
GoWTsb8sGyJ026a3cbw03Q,0
k-w0uGmiWaBBL8u5Zoa3kQ,1
BM0-dgPJMBMmcmO9PVCJfQ,1
3VKJ7cWSH38QKgCrYlG3Mg,1
t1XhXY-Vt4K1OPLkuOcsfg,1
dYLlSj_SWwHg1aA3Km061w,0
_nypuc5Ke462rFWKoZ_bDw,0
-JL0CWSLkkzFHZXlctnf8A,0
_BU867oRCLZnDIRmg7S6Wg,0
7fJgNpljbi1d7wjdsPcPcw,1
24qSrF_XOrvaHDBy-gLIQg,0
jn3OgTqiQIFymRA9U0PTfQ,-1
MQjBx1iVmIz6uI9T0DIkKw,1
D0PUyt1EbOJKdLh636hwWw,0
6NAOp61ozWlO6KCxTlgCkw,1
oiLe3lqMFaZtsSpRuIUChw,0
po5FyERB4lUZNnBIwnhFlg,0
KXMfiG_2_LALAaGzxt1YbA,1
l9lhGTM2jWHlcddeWkiN5g,1
Qo05fV2xk3_CAd8WdGbz9Q,0
C0Oax-LBEFf0mmPSugymEQ,1
lz-j9sBHl2Lh68vZ2UGN4A,1
xdmT9sejRDEyud8YFbEcjg,1
rAb_wfdKKPPbcIysjYcW4A,1
-iR3xWy3JK_JEhnGWQj9zg,0
Snu39WyiChz0NwFWRMyUvQ,-1
oXUceqbZEAKclrIXE-erYw,0
U_aP0IJdn36wYwpiCtQCag,0
naUFPFYH2CqHtTrV3IAJrQ,1
8aPTQeDYOMNEu907WfflCQ,0
m_fi31gTJ1aASUZbS3QioQ,0
3tk6Syyz5i967Ifuz_4o3w,0
YW9iN8F9b-d-j3xn4edi9A,1
I2_yeLfTzXHGwi8an0tL4w,1
XA-mMT47rFZNEllPBCYWQQ,0
g4y3_YqR4jmfCP9K0TzxrQ,-1
i1GWM0MKxF3V5jveyCks7A,0
k-KhKfLPjBxjSHppWoUyOA,1
tQFlPrAqUJb5InX71xVl1g,1
oEUgOnQb3Cpl_zpGtR3itA,1
RgXWA8zXD83KnckFfWOqJw,1
EmzaQR5hQlF0WIl24NxAZA,1
41SzC2WJ-RVUpVZ2NJfE-w,0
V3lQtk1LgwAEcF9j-BzchA,1
Y_dzA9OHRKa0X1cqcRmsaw,1
OsnMkHS9f5NUm6_x3pCBkQ,1
KS2w8ychyieJbUqRa6kCHw,0
-AAig9FG0s8gYE4f8GfowQ,0
I0F2Gj5mUjKlidYjquqX2Q,2
-vF04fhPCoSdqgIhAZm0wQ,1
4T-oySmxM_-ojR_nTqF7pA,1
Mm8x_jzeLrWlvDEnqhuCBQ,1
ff_QnODW0vqNWZPSTVQTsQ,0
QJ4iodv1xkUYBSZ9y1MWVg,1
INFG341Vwyr1M94xpimsmA,1
QSdTpJxyMZcZgne-4On7vA,2
JobP0ghILdh8S8l-LhHHxQ,1
s8cHXeSlX_aPI2x49UkCCg,1
QzXFdjIbFRGhzL83goPPLA,1
-h1WpfgqAmJcJDqyXXJ2og,1
YaB2hKgWUaqAWnCA6YWD7g,1
bxpzP73A7gauvxFEyd_8xA,0
I4L_MJOZsnux3xCU2bLP8Q,1
KPoTixdjoJxSqRSEApSAGg,1
raBq_cc3L7xkVkbIf08BKA,1
LxdSGPR9XFjn_HVVq2Nzmg,2
qoQXJhIPTmAuZERLT9QiLQ,1
eXxULzJRIutN6wF1mQH2Tw,0
kYQxOeJRFYats6cxVFnILw,0
DHk8is9rvfnATsW1AudWQg,0
snAVeziqOvetlqrHPLJV9A,1
0kZ4aYmqf5fzTt9Yvz8Kvw,1
_hTnLGWujfiZhIaCwWH8Ng,1
hBCxdqHRVs-ZsFp7M3emDg,1
VWcaFOSFcDwmFquycBzFyQ,0
vcfQI3Tq8c5_nBimuwdNtg,0
Bui7TEFaPwuZtW5QQg2oFQ,1
BKR18gyfLzuFz0-4CYTeiw,0
mVcSgP9JneHL4oz9FQPhnw,1
_RkvdDlzEFSRnGMrTRkVYA,-1
N_zdv9ApM_RIk_80KsNX5g,0
f9jludJLwlM4_2zApw7_rw,2
-nHYKkSJuQ7zzFZ1veRfPg,1
Q-qvDFHD3FCy82KIWoc3tA,1
0UWfvm0ah-8DVSm3nkbsMg,-1
uV09al7PIZ3v5xj1nW60bA,1
DlLduXXSwjkm7OL4Z1iH1A,1
El_0LAdJ1R0-nL_lHzBT-g,0
fyy4WNuchHJBa2zH6L8QQw,1
2Yn5IgbAOtc7_bT0g47bQA,1
-sTBvM1pOpZts9dnJ6_5Xw,0
V-iqSBsiPoJnhsm-1p95qw,2
OPKUjv6D5G46Lh2BHP20fA,1
jWuPCzdyM21_mBMwBhcXag,2
oSDf6BHiMlKGZdFFmIo6NQ,1
wLZ--5d4lXImxrG7VhdTyA,0
mNjLNTOXSckssvYNn-ZFjg,2
W41CEzdKJe8wdDB-Rd6KJQ,1
fgFIHU4scmArJH-52fpqFg,0
38hRKTr67-RnoryoBtapoA,1
g5csdtYUt97hkexFMCVf-g,1
0hYTkJtgQGu-ysCZnmFZDQ,0
K3ujPUNW6NNIZv_hRI_yrQ,1
dGcVT0WGenhh8Np76ta6AA,0
UHkRFDFze9tYfYT_xjn0bQ,0
D0IB17N66FiyYDCzTlAI4A,1
LYyGQgL60VKdV-p_9OxmWQ,1
irdy3qeC6_Xu0-VjCLeOmQ,1
GPAg6fpHEiYNDbd_QWTc8g,0
T-D-YoUQlttcF9a2ZyOxfA,0
eyjyLrHjTPGuynfv-glYcw,1
ifbMLSdB-VWs0wEN6UzBcQ,1
d7V3ykQHqChv0KtXEanKLw,0
fmuj7u1gflmEjW-h0v9bwg,0
JqAI4UA2xXPYxvlhzG-i9A,1
-GYx5GAx_-4XEsn7mFwdkA,1
_oQN89kF_d97-cWW0iO8_g,1
53Lq8bak88EtuZyKMmDPmQ,1
YECRdaM6wN6eaGOYi5g8uA,1
7eYbf4F9hNq6BQhUnLrWZw,0
-b_VjHZmA7-8LVWp6z36VA,0
IMGW6y8wHQCfr_6k-YXg_A,1
-S7aL8dVIiXjCdbTZVn8uA,1
i6_gm33IuslEp3JW82vMaQ,2
mpkqgw2QgMQUmhXdPwGGww,1
oMtqDDzpMcFrQwHfeYc1iA,0
4Vai2JNI48yffzQ7CMezBA,0
dCjIsHdc-IoOmfMt7qqZJA,0
imvNxppzxkLUPH64pQsDQg,1
JNt63pOmXJ4Y9u8KMQNvjw,0
1svyifERkfuuz02lbeK2dA,0
Xsl-i1otDd3GXJEkkKJCaw,1
GVUtuBmDdvXxXtjrvHHJnQ,1
pk0vem-ismpPnVeTIG0Q5g,-1
-MgFDby-okrbKLBc-SYWdw,0
rgfGTkoh6zfoyEBRUJIbeQ,0
F3tqTcfKnljJcSyyqN0bbw,1
NYIyTj2AZJpAo7XIM-Z7lw,0
kDGN_1dlCmIqEoKflTwwdw,1
SfrBXbRdNB_gqPkIgJyKCg,1
flMu0Tz5RsaMzr6K8kg1EA,0
LOPHo3NyafDN9xPT6K5rZg,0
cuxqnMMmbBV0iE2KJJy60Q,1
sInUSy63Oh455uWs9p9OqQ,0
cPqDrBq3tL0dCinRFV02Pw,0
Ia_yw3pa-qjJ6in5dVYHGw,1
NKSA0em3dHSGTyo6Eu-Waw,1
0VyvlA1mZsDoYd3kkRjevA,0
oSKT5oZX1NWYaHwOWL5lag,0
ZPz_yTApvQcNyINEFsCpOw,1
fVgrpVyp-nPLTac9YIjTug,1
1vYaGPKQzMebBJXFCGTH2g,0
gqLWBFxOKag8dXwVxEvTrg,1
mWfZYDrozrCxwAO60-gLJA,0
1sdIDMz5ntCHrClzCgjgJA,1
1AMncE6Lxdr6J9PeqZi4nA,1
-6Roo-EHgSdUa4rP3tWyRw,0
n_HvrTuGUgxXJM0yq39-0g,0
eODFYaXpC0M_39dzR5B2Nw,-1
F-ykHfGY9lWr12OJ_Ofy7A,1
cyeBcWOtZUypZOO-guTdDw,-1
8TGUK7LD3M-vLWml-jLb0w,0
nyUdKma0UUQMjqa6BaXVlg,0
NDKkce5Au-o_OhIt5f2ZBg,0
2r8jGeuYvMkyP2ik_X-Bxw,1
YgRCJtt7pGvwlb9Ktumeeg,-1
-KEU36ohRQb19mrbA65Y3Q,1
OVtSFFNohXIz9vdWDvbnEw,0
3fNGtIfuHwt0-DD9SSjO6Q,0
FHyyoYs9hn37NA7cn55VAw,1
ixTr1qXUFGTzyaZUuCDDvg,0
3oJvShXv3HYTwl7rlcLFJg,0
Bjl0Y7U3pIGtx23fQduA4w,2
Y5clwKIHw8qTpy3pCH1BHQ,1
xZEFQlr6rqXxy1Nsmq15wQ,0
ldIxXmxD3Cku0vODGYb9dQ,0
phHXdTh5L2w8vQ9Gsmq27A,1
6dBsmlgIZhpYG4OL6J5mWA,0
bmePFvYkAIa3FPIMfhDDMw,1
LzNJLEIo4gh-X_rmDkNkNg,0
4rr-CJp0jMKr-kg9wnrTdw,1
SSW1EqnX2VfRVGtPsd03Hg,0
Lx4ZFP6dIMzi7Ib-ljV-ww,1
rr44srj5pxejML-W1Wx0IA,1
nOb5CUmPsVFV9PCKOpgcFw,0
wftoNIA0Q8nX-Da47psBCA,0
lPtTXn7_VOwqypZs07j2nA,0
nI1reikhvzQKyXojeUCPqg,0
FHywRwdeksNsE8mGZU4PNg,0
hNVcBhJSD5HyLKMf_Z7TaA,0
EeQlS9VLlfWT25-MeYsJTg,0
IRUsIQSgjkk7Ah5RBsIfJg,1
AgJbkqR-wre409if4fTbWQ,0
kUGgkYxXxHDhD6mtpQdUNQ,0
XeGqOyk3BHpDJ0VCHTyUfQ,1
uyuiIvQ3aWZxc1-2i_dQtQ,0
8H1DwdAAgSBtwDeb2R-hmA,0
VpSiOW1PapVmZyyRBK_GBQ,1
L8STRioAgDx-_FRFuuUU2Q,0
TqHTtjPANCBKGsjGBjDoQQ,1
n7dkpRLUl7C6zLRRXk_BDg,1
Nu0_tUBN6R9Oc-YsLVFNJg,0
wCi6nBXnXf5PAHqJZP9dqA,1
XZWUW6-vxePuIEwRPgSl2w,1
PX3e3qtBx_5VC3vqq47jpQ,0
CMHOPLTfIcFFUQ0BzyQlNw,2
L-bpJXpA5875dLb7A4wh6A,1
YxIBMBPPvlhfNNIp7l4K5w,-1
3QtWG5sN3HJNBVKn_wHQEw,0
E2BMYajnI3USNpABFdBn6Q,0
wmuYTDs5kVaPRdFjKGtk_w,2
QxEUzbLfCTXF6gHWJegWgw,1
1HNEj6kcEw369RX9Vlcixw,1
OBUbR8vRZ7RmotiwvBlVDg,0
owmcrAOmaJeB8O6UQlhgNw,-1
bkF_a54ODbT3vTZdtI4tiw,1
vtQOervVVTXjhvSZQiZ6PA,1
weCbIA8mCkVw7zmxPNT5sA,-1
F6dJ7kUEZ5AbvJ0aCL58EA,1
h762dZ33uhSKtLZ-21u6Jg,0
SV4c043_aTMxE29XjMoiqw,0
ASNxwg9dD4-_F4H1uNN2KQ,1
8v1MWkAeU3nEuqGd27jZeQ,0
rbiRLiFTG098z9JaK3Nshw,1
iins67bZVJeDrjiOTZh8DQ,1
PEHJjxdw11TGFma9Zhz3ng,0
_5FOD8UZxyJVWnnoAXq-GQ,2
scVOmQsf5HSY3n9CG06tFA,1
JGTPb06Ix_v7uq3HADzq8w,1
lem7XGgKM5a4pAgop2mQqw,1
eg57kF41MBs5RC1vDDRk9Q,1
bciNuOPRtP2Kc98EhsqSpQ,0
FKHv7FkblONv9qqBndJUrg,0
nBqXILuCGVZ4-aPuRKjCCg,1
kaIue7GRCmkPzDeHDBTttQ,1
GHFfUWLpMGT80i36qMzgPw,1
eONS7DP6U9BV3lkqGAUbOg,-1
0VLZj0f3llL9IkL5GOT3lg,0
7Fk9LIRvalyMkeHNea3u2g,1
lAGDe38li38fyf971CslFg,1
E5L2OBLUa_ZPxeqpReooQg,1
a4o4Y8GXH7wRKXOkPP_6TA,-1
PBcsBfduHaCBVLsgVvAkJQ,1
uG5yrHPZkgP1dlSnmcM8lA,1
De7XFhoUwOuAsc0lxN0VyA,1
lq2iZK7epi23byzcejjqTg,1
XI-_Y2XRw03mozGx0Z90Gw,1
rF5uvk0-2_N60UxJ1NRl0g,1
6MiHb8z9MilnCafsyxuZAg,1
Mx_IcFzTaPiPMm5SQY743w,-1
sh1-BzB29lIOA2qQ_PxN-A,0
Bv3g-9R5wUevZPP0jzihqg,0
fmpEjlZhFlMHaGmsKJlUTg,1
Fs9fs_vX4PppqJvEkfr0BQ,-1
814EMcyabpse8-Kmgitg7A,0
ajf3Myr1PKX9RaLS_Ukc8A,1
7_fkHRNNHSFVP0pQCWm4yQ,1
PNrOTfMmE0CJFV9YwSLzYw,0
pfTvVee_dAieMqoeomVtTg,1
CRvVvR6aE1eWVRtzQ0UC6g,0
7EoW1PjL84fiET_Uz5mjmQ,-1
LmVcYycG_VI3S6RNgqiriw,0
Js7xxK2D4Dc0W8XkAzc4cg,0
Er20nsiOS6TFHmAE717iTA,1
GaeokhqmZYuPr7i1EZtnHA,0
xWzKjBBAGxq-nbXzTYikyw,1
iZR96moKSAWYROyL5-qeuQ,1
E_wJCQ9L_0w5tJyrvr0lJQ,1
N13sN1m2zZNJDgRBlP8RYA,1
Cp5_NSJFNgylD5SUdmT8nQ,1
0EBR4wDqtkbMC-wghpctEg,0
O02yhnk20alGOBw0HcmHGw,-1
jq_YnMQjcArdBWuwRospFg,0
iYr8t8RVPCiWABBO4I6HgA,-2
mqQwChPNN4o4DhAzaGntIA,0
7Jmri1RCl9Ksmpi5EoIOZQ,1
AH2pJa2nfvxXkfFP1P-waw,0
N_6bV3c3JagKW7sD3X9ldA,1
aVBebzA7D9DpQ-JbiCxQNg,1
Zy2vca7i9QFGRKa4m0C__A,1
hisR9LKBN9sgcMxclH0e7g,-1
GRVod03GfpFD5Kk_5jmsog,1
KAKyy-8lKrPEzvtZJM1PGQ,1
s6HXO1fw-yoUghp1oszDDA,1
HLQ2dpyfLcva120pCSLvfA,0
avPNEqlXgyBvTXjb-ujQFA,0
cfy-C6XNFt-F-dCQfK7EDQ,1
JImJictLIE48_O1z-l2TGw,0
bEYB3PK1IKQS_kYXaGJXNA,1
uNzmm8lpdwOggqQ3Vu7vMA,1
xI0UZH734lJtm39DbLf-Bw,0
GTVneiUeIyRL8Wa_WmEQ0g,0
oAxR0TJhPHMrN_hjQWBWMA,1
NhdIZvpM11d720SskLvRpA,-1
nqpUjsD-nUIQCrr15B9W-g,2
v1ocqAm5soWTNPttLQhSZw,0
adEJYiysRmK8eDqnHP9N6A,-1
-1bOb2izeJBZjHC7NWxiPA,1
KVOsmfgWSbtTTKxNkXB1Bw,1
d9JDpGG6Rowq7L4FWBI86A,1
Um7H0mNmEKIUVRSogJklwg,0
qrapwnls-3IMg-iaXhkQKw,1
8pc0HwU85IxFynFFdM7vrQ,1
corPOxxIBRJ7DSpryYvorw,1
Adjy6wjncsbWpRMo5-FlbQ,2
5fRoYdCOYdPMIUyJXNYd8A,1
d2AeNB4xw67E1Bzpo1Pm7Q,1
FF5ztq7j7RWGIhpw1XB1zg,-1
m0qh4NO0fD16eVS2np6aNw,1
QsvRjgQacMMFf8dit7qqDw,1
psZF-7maJzwhtfesiSrACA,0
JLHBdowaViDIvRKQD6iITQ,2
vhxrgY24WnjOQAL8QYmKpg,1
R8VwdLyvsp9iybNqRvm94g,0
c0-q98sX3AEsiYKSVIukyQ,0
-gefwOTDqW9HWGDvWBPSMQ,1
GBN0-wo_cHLnC_pwoOTIFQ,0
N7oUi6aM01UlvrsIcTSqmg,1
rOZxyZQiNKzcQkfO8g6W_Q,-1
e5kc0CQ4R-PCCDgb274gSg,1
JOWKc4zjacAnINGmKNhlPA,0
bxgS6_HLquEvdCIyQxLefA,1
RQnw-0PLiC0HsstKrpF9Cw,0
-lOSaCuBRAvX5JBifx-EMw,0
tK_a3oP-70kAr0u3qvwPPQ,-1
rfAifR-peeyLh3-deq-G4A,1
wct7rZKyZqZftzmAU-vhWQ,0
eK6KGMKqU_4nB9RdayZD7Q,1
Lk-FP6yxYRTcU52SaTx2EA,1
TqVjy0dxvNh51BF9KePCoQ,1
6HAKrJvqrwyL-ZhyDX2JNQ,1
lbECi2rbJPZWzHdmrC9xAA,1
x6SFC7qtuuyI94SH7e-GwA,1
9BH18avE46LlHMvJn67MaA,1
s2-waYR5o7AZTNHeQVWRcA,0
7EFNxJUVQtF3jS1P6qsweg,0
wTiQXYB9fE9rcSZDsZgbtQ,1
zSd8ZTV6T5Pyf0mccgvJDg,1
rbYgGdjGneC40e8w9IYP_w,0
mcgtZvjjCXLY-Dt7V_XZ6g,0
i4X_iu_29PkhL2zsIRpueQ,0
QHyqYUZ0WdxHYPAenIuLjw,1
Pr9rQKypHgC_J1AfufxzIw,0
PuHucejs4LG3hSXnrwi9-g,1
ishjLG3Sc94ZOelXZZhaIw,0
XbVqzUHS3c9FhG4lI13c3Q,1
zMa6YoEekpABg1HZnnTZdg,0
Zk-uJtv5vLpdNV-7rsuDKw,2
9AbyBqGWHYZC73GlyAuTrQ,0
jTAooccoecIJiv5wb4h8sQ,0
QTXksIu_qTiHBXYju0FjNg,0
mn1LFFcQwEpir38_mPYH_g,1
wy_R4crNr1BH0CP87y9UHQ,1
04HakCR6gEeRYNAoKxkppQ,0
507GX11jtCsVYlzaur05_w,1
RTOIToX8bSm4wKqNBB6omw,0
7U8TYNW4Mvx6m3zexsO0sg,1
Bjt3rB73dvSDe1XEPEWc6w,1
DRekXCjdmPESqDpwaQ0x2w,1
S8R5c7-plWe3NtmijYAJvg,1
cvhsdSDaWPjLVnTThQkx8g,1
3yMneVFhBePIBtCGdboc7Q,1
y0weNFCIJF9bTgBbFST86A,0
PdTyucLF2U9rO3aN39m-eg,1
aLZoFhOmDtonrWJzUzh8TA,0
F5vKD7ajS69CwuFyBVxA_g,2
WPSM_oTPceoSnwqQWfAsdg,1
3CSaqRNvYg7ZdN2zwxwzVw,1
UxvOXcoCRFRAVhRB0D9imw,0
RKOS92ptLgEU3BUNMtDHrw,1
_YswYrpv6YdO3R3CP8R8oQ,0
EqA_0-n-OFg86hdyYm65rw,1
3x3tJ8lGU1Y4wLqfHtqU1A,2
zZmhEpiVpRfFQid87-pcOQ,1
H-99nG_KfynWPXh84TKj8A,1
Hgl5RjvLS_Yc8cqdw9uaOA,1
gaX1rGPdv9eyPra0cYsYZA,1
zAyk-fwDWf69AaTwNT2Ksg,1
vfzUNcV9B3RhDyuZp0I1pQ,1
HKr_xfeyrv2Bh7urZsQEVA,0
tfxveeZkRB1N5o23jLrSxg,1
exODno12y5GRj0DRzob2Eg,1
5N9bWl5zWuDX-Q1YpTf2LQ,1
uS2T2BMt7_EE7mhM3m3I7w,0
WYf4exS-QvyaqUyn9_-5Bg,1
ZAgPh4v-oOb1g6cdlkKI0g,1
FtpMkJJ9Vq5cVmP3EsekBA,0
og7Xi8mwAvhXqDqtWqtt0w,0
uPGcW0cFGc15YiRCz_8taA,1
HghAgkxoEpUNZNQbAY485A,2
A8Khz3eeqIFFGaXurg3hxw,1
3vKhV2ELR2hmwlnoNqYWaA,0
PpBig3Nf7kMf5aC0HmOX1A,1
m3O2EFVs3eo8s40MGGzmsA,1
4XJ8gO6cbS6PuZ9dzPsrBg,1
jBb5KHHAj4s8hcXVS6QXDg,1
6LtbFK0O4Xk_GsLh6dcPRw,1
8gzwqbiqJ6126_myoDchGw,1
NDHhzgMrTzr_38md_R5WKw,1
lUhjcttOVyH9uNa0v6NFfw,0
bbiV-lPmRaK_gjzE77x_jA,1
8dEJ_o0UgGrNX1ejHcuZjA,1
7J9er8d9BrRJ3odyh5D12w,1
8kunNClZ1AD0Rj5bDiFdrQ,0
ufKmcpK6OTaWzeBGWNOa8A,0
GlfwqH2dY3MKxrRirKeueg,0
qNpNPI-f2Y2eg364-V0deQ,2
C0vHeuHvd8H-9pJ1Qsb48Q,1
WxpCYziMlEy8mrEa_VcB1w,0
t54zAs7IftAVb9SKcCRotw,1
NTgVdfRLbU0aKJH_9h3VCw,1
69c7z9ySnlqV87tITDGENA,1
-9iYGbkqom5fpj4iiLjsrA,1
51iJ7zyvay9N_COWV0is_g,0
L9UYbtAUOcfTgZFimehlXw,0
q1nDSpmV-FdTBNj6UuZvTg,0
-jBymA8tI-WURtSBcuUdXQ,1
-dunP-FvJHpQmx5qt5Qoqg,0
67gi179fNUkU5sApNTcrMg,1
Vx7-xbazum3dgo3Qj3i4pQ,0
BicQSnGZnY_yuGEDkhVfnA,0
Jge6Oit_JdTkkJ6UzhWVNA,1
_7OvxfAje3XDZuSzguF6iA,0
SEAGuzHqB1tgKZGzWiLBLg,1
nZ5li6yoc8BlqHNByaJ56g,0
Wxt6FGF4vxsnKYksMZRoiA,1
Guai2bH3hNqDP0bPuhT5uQ,1
wAs-stW0HP6OXVXdpawnBQ,-1
sU9ecRYIfJJKNdYPZyO1JA,1
ePwLfpvB6QkBOtKIyPycPw,1
Lvf3N3cfLAmOc5y8Eg8KDg,1
_BhzcKojv1gjdRINe3Gkig,0
UpYva_zhJ6pRGfdTruIYIg,1
cPIi_5tWZw04DmtyUBcFlg,1
FG7Js2aMD6NtMMRI0C8Arw,1
umyo8MPjiZiDXHtvyaOi6g,1
0gQrhOYWdO0XVZEKtOrvaA,0
78IaYCf9ktUep4UhhjXbTg,0
qgXhs-oY900b-cqY1NIcOw,0
ihxSlxqVfMS-sQZn57BIog,1
KNIw6kwf8LZkrS1lEnaLiw,0
7NN40EKNb_KaqemxxSH8Wg,1
C6oCdg9wVaS81Re0WfBJzw,1
QdbZyl-LWFS54u93Vjd5SA,1
vjHkbRBdUwG8aHDXllz37A,2
Dka36Pw7ibbHV6xIimQAOg,0
DLOr9MYltjcu8X5kwDJgnQ,0
58J004jxfjm3ahG8BQwUNA,1
ntJAKLAq0cXzzdFgPoo0Iw,1
WoJrHOtrQ5R4jx80GwlnxA,0
3X081wewB-J5tIMO_aOPnA,0
5EWVJZd9cSAMwkrwgOFd6Q,0
tEvGNTPLV01OiUt_SKn2Ww,0
_9h-jH3YOkAU9-2A-dy6YQ,0
OEQMqI-duBA1gbBFzi7BPw,1
s9XNBJAZ3ZcNW5u8BRZXuw,1
4yJZUlvlJfFINoNgulSEXg,1
Qgp_J83d5e_V9v1ETP0ZHw,1
_91nx0Tz61WQIX2fpS7wDQ,1
1V1lodaiyYw4ZKyiv95pyw,0
Jt1tVmCN1jwnXc3sSULqTQ,2
oinZM9-d2n5NvGuxvatDWA,1
Tmta0aEXTSQQi7JMrryorg,1
2gMx4KnXbNtpoCuVCmyo3g,0
oOehX_l0odQc-tu81VUkIg,1
L6Qumi_rEtOAfX2FQXm06Q,0
7LuKiasIyGUEo7uipN10Eg,0
r6zT-YqmOtHg8BJT3LLzfg,0
9Wy2CxVwnKoT5X4GrGzfyw,1
lHKS896yFkmAuWyFnbNP3A,1
gw-V13MyfzFaCTbALfnn2Q,1
B5hhRbxDIADG-bFaQIEWag,0
K4VHuqUFwc4eeC8LkMLyTA,0
g1BQtMfpjrQCVGPWogvjow,1
IYWTOj970XqG2z9Xft_8SA,1
H3rEy4UWRp6BfoWER4MSCA,1
muCl5p-9ut1sY0aKeUeRhw,1
tnHvCJ6kYQ1droyl_6Tg4Q,1
FqEsXFhkFKCfMiz_QqUKTA,0
T2xiF9kMc_WRH0GeKAXC-g,0
VGhMTZyqmGmM4Lrn9i6yuQ,1
-0QBrNvhrPQCaeo7mTo0zQ,1
fK7ujDbjhRFEe2D7eIwK4w,1
maF18Z12TB2L_bV9CAhNrA,-1
39oUcXr-06fcfT_MZ94z-Q,1
-nmr-3l0EmQaZAGEoXgk4w,0
paF7fjuCWbqg7pjwSWnMkA,1
kF8JDYpLnbf8AZS9gpHXJg,1
lPAHpSIc2MvY06bWxrFRiw,0
D09yG6Z3gcsh24Qn7Y4gYA,0
K4DHwck_2ds1wURnmZdFiA,1
XIeteOw2pKgLiOP6_VzWzA,0
nKrUueeLiIAeMH8nGhdh3A,2
nE-qMmKkYEuT0onFTLDFtg,1
aI_RzGMU35cFL1St2HgPkw,-1
u5o4H8h0sIVhqa8Lcusi5g,1
5bzUWGZO13J1PsYCK14sCg,0
NzI4pAPrjlCkwcLgjseDtA,0
iz7CE0-jUgo3UU6DJbpv-Q,0
cYhtaMEEumE59uUOCUaKrw,1
gCQuajbLB3hQQbipYpEtYQ,-1
k83LpHfy9j05POm4rxBVSA,1
BqKc6l8vCebZNTF-yfvPhQ,1
8r4SKAKp_ugLrmhrxDBBtg,1
rDvz5jX65gpfONFu7er9Tw,0
a8xFB8jhDdlEudss-yMsWg,1
zU8IfotOLryhaz5okWx6cA,1
tm-lmBXzrBeKUDj_eQVZYQ,1
y2wWQI1gx8Zu5pP_WZSR-A,0
JIUlJaFzsBpQ1e5QpILOhw,2
1B5vpxnZYXKil_k5d5MpEQ,1
A-8Q15fZHKGn3dLjazNwHw,1
DXBPI8rR9f_IthOGPDWoIQ,1
DeAnVirgOxQnI36V1W158A,0
WPy74Udv6X8dgxK6F9uxCQ,1
BBPkwpj9kSeDuy0uOwWHJA,0
o-DRmVihuTjS3x9OXSj0tw,1
VDUwU8bHmeGgtJpe-rz3bQ,0
tNdb_01AHU3O1_ISE2Mf1w,0
VLXpl4P9b2ndIQUd-eGP2g,0
CICu2tclxRB7JgW_I2a8rQ,2
o3TruOSgOwNgx08QosuWTw,1
ykfTh6HI219NoMsWBxulxw,1
XguGFMUSEMz4wx_2G-otyA,1
KrkeCU444Uh00fuCklyuQQ,-1
vN4mFODLd-gLmDg261wsyw,0
KLaxBc83JnxyGf7GP7enYA,0
Vh_xXB42CYfhEdelpDb1Ow,2
VRxelK__tuQD0KBxx2LzeQ,1
PAtgWCLCFRQd_fjnihISOg,0
G24-f72eXmV4xxjoVYY1Lg,-1
fZT8svnY4ZlNCigX8F3_Xw,1
ib-y5nsfn3unE0lLY1vfAw,1
Fd0mINs0v_cma-ORPDBQSQ,0
d52zg-S0o940WUCK-nNiKw,1
xPSLlgEewbXbjsy-LdsBsg,1
UWrB5H3G-hhiHMy3iKV2ew,0
l8v1GHaB4CsryK6MioZ21A,1
3ddQnTTIY-mdsBMn9b53Cw,1
0tqrgESNOpN2CNoEtCGYpQ,1
vKtykqL1LL5bM_1RKihPow,0
ftdKj1p2Y0ABrr9uOPn97g,0
FljU76i8DYJbNlpibaieGw,1
Rg3INE2p4zQYvfMvJduEOQ,1
rNqvFXxGSj37MsUI6GyqFA,0
gh-hT8e-XtCExRxe6PKR4w,-1
JSX7i-cfoixVtnCx4BNb1g,1
Cp6JGY5YIRncTV_My9nf9g,1
S3FhtwXuiGMlGdBNtmiiSQ,1
9vUZ2CPTDG7Ppy-f3Dm6hQ,1
vSEFzop2GDXsIWTLxIGMiw,0
wki-Qlp3OWgH0XtZ-Jz_WQ,1
EfmR4e1tmjC5_ZQOgfnYrg,0
bF7KQ6AQK5rBS7aOFKtlWg,0
9B_rnGpDieUnMr7szjuaQg,0
qlV4BAbAvnAEomGj2gudlQ,-1
KwoHV8oqC_aFHoZpbOM9XA,1
dkROlq5s9qBt3Y0ERB80WQ,1
VtpnMevn_oAxXGaM9JDrSQ,1
ubfD6-I73lP00v0fkx-keQ,1
mbPdVUCUhpqc0zLL13FObg,1
YuEdJcnZQv8XXAoP6GgClg,1
KHoBFKiWf0pJntUzDQPkgw,1
mNqdYfvAWpyBP3eQpecssw,0
r7Ge8_c5Y2TXthb4CSjzaA,0
GzWiVvE6JDdBNowNVshItA,1
pa_Ft6pLLWo-w_iopBsu0g,1
GjG2_JvHg6ISrLchOag_lA,1
trG1k-K6Nq4YKcexa1AGOA,0
JmKgenzB37i3xcK0rJkDmQ,0
rDanxbBDdAkwbopKNbkAiQ,0
1mzM1-IeDhPOmWXaHOUbmw,1
1OO3fy6z5lxlRuHnnhPStg,1
VpQZo6KV8CqkIG_MRQ3jiA,1
PsuvqWNmLBU8ABkch2d9vA,1
3CXIK5KjXAPf90pZY_aazA,0
iPY5hB0TSd8rIiC2xHhnFQ,1
VTFx4ADDP6nPnlcMHB1-Ow,1
eIhmvoU0EoK7CdrBuXQfEw,1
2gBKQ-epOTPMNvXoGyyVbQ,0
CDY7AE5HWBy0TJXCakqLBQ,1
fsxBliRs4rwxRXkZUVy62A,0
Pakx91l3dyreVU91sP__9Q,1
kIvIqHvvFOc6aCutFYIvNg,2
IgaruuknYwCr9afeDYQ_yw,0
gxjeuQkQp_-QIDKxazivVw,1
7i8eNw1-tdgVcfAiNib6wg,1
kOh8ZHf8CkFQCwyfDvVJTA,1
5Js9G0axfWhbYlB9UgXLww,0
0vzZ_Bcb02rJljeMU9XkBw,1
4meJyPOhuAKzywUJTmu2hw,1
hgb1RihLYRSpFBjBhn8rZw,1
hnOGdF42m6Cwuuh5iuaXbA,1
cIwMq5KNq0ASQzoTP1dE9Q,0
__CQhr0M-OpKdu0DXgGcaQ,2
ladc7jWsCaOlaErCDdnubA,0
mTjHcl-pkNO4iOKY8rVHPw,1
YHGpemLe7cbnPSubG-cRRg,0
K8GqMhhVvz8pqq9F7sE-Sg,0
WQJwpYwEFT_QTR-lFIh5mA,1
AkOruz5CrCxUmXe1p_WoRg,1
qGuI5WK7-MVnPA6o2DGBAA,2
otjJD3ZoMVQOflk4LvoFZg,1
wXP_zTXRRvhHENKmiz6ziQ,0
ETg80zdzuBm7gBfW3UoMIw,1
69t2S1u7Rf6qM_c14b42xQ,0
cVejKU_SrdbvzIbQ4oPV0A,1
80tJzUERJjRDjpxUXy4M6w,1
06YP_JnJzns84fOyQ0HA0Q,0
63cjAsO1jXvrwvjkUiEkVA,0
NYBx4sdSVrN-I5Q8RfLMPg,0
LQGQ1w4pYrf5in6LrU0BlQ,1
_io-CVnCgHyt0vpTCrP13A,1
yPfvOB63thP5t3pGZPJExA,0
7P7SY9YTgEpo80goTRKdAg,0
P2i4eojfX61pZn8i7RZZxA,1
cTyBfWfmgL3vgRetyfmtyA,1
EFxaUHb6UwOpsvIIdZk-Ng,1
g4Eit1EeeEGhTVik6AWYsA,1
rd2dsPvJANI_sqcrGeCKAw,1
5-X03Zc0nN7U5eoe8uFUdw,1
7xnzVnCLsbBwfoRemL4NMQ,1
IYeenY7HilJrKUIur3Eijw,-1
ddbDLzrMZxfKLjxtKOhWTA,-1
jpgO5Mys3v6LtGk-diudtw,1
TizJmnlHPRU9FLWwMDASVw,1
BhpK8QOwmisFhiTSMLX-JA,1
bpPVn4nF8YR40BjhO6YP1w,1
Q5sAi0_PmyUMEA0QZRzWdQ,1
WixkMVXXFCx-lYsr6JoF6Q,0
l4ymgiD1WnsSrwxWWk7a3Q,1
xH5axHFadmc7Veutt376TA,-1
gqgAKOQaBU_xDRSjrWMCTQ,1
mVIHgIkaLHMCdGUE2XCxvw,1
pmIJn8K3offcYUsrFCWAaQ,1
CNvPqN9pa5aJRn-Npcqgdg,0
W8WyVVxinyRjzP8gJa7ILg,1
JMOK_Sy6aSOZwd4qgkX7hg,1
NnoEbaGnQa44CZE_A5tBTQ,2
z4KFTJQsAdxqMZA7Fx0A9A,1
aACW1qAdOfgcU8yX61dOFw,1
BESmH-lmMm34_EefL8X9fQ,1
1zdwPAgiJFJhPeS3YIY09Q,1
CvJNcUtmNubDF8UmuduNXg,1
beSNHSvR9kjE_5vXJ_tlfw,0
KqYY2rwD8ymjU9mVJwiuRQ,0
581qSMwGGgdVSdiBTsrPyQ,1
ayTBDjx-S7TH4maWKBiAFw,1
-1qDklczWpxON-3_Nj9NgA,1
V6BYjHM9SnXscfkln3hCdA,1
kxDGexkbP30fBvxVI0CzFQ,1
p1sX2UVxEjPzd92LtP3c4g,1
wJGJt3NPaHvE-GMIeN-H5Q,1
U9iWs_XQ88IEj_Cgawyz4w,1
uPDTnuR-sOi47blHH943lg,0
fhmKIPGVx9_O4P9zEgCHjQ,1
WTxfdir4ZTJLA6aq6N6HzA,0
TgxDGx7L_JICWbuBUCGVqw,0
hIe65VALe8rxseYECVj08w,1
gP7xl3ZjX-7H9mRk7bvesw,1
VlG9qxAc4d0em2djaU__xw,1
BtX9mA5dYDzULGVPC4-I-A,1
PwtYeGu-19v9bU4nbP9UbA,1
X8dNaEFH7LWDt1ORmkfDTg,1
35Om8exyCLHWeijbxDPB1w,0
ILsZjIibFtGHMDELeX610Q,1
scr5gHaPC_36GtaCxmJEHA,1
I7IfnWW1nXljC4ZGqwPe-w,1
6SMQl2vR37HvjYWwSl1V3w,1
y75baZnoI51J8WS7NK9FHQ,1
ewZlgc22xN5NNQ1H7U6Y7g,0
jVp2NDys7GX81jLFn8kGhQ,0
cPmbPQepAatet3QMUZaSeg,1
ydnc0p_oPL80BBKJNZGw_Q,0
0dIChGWBs9ueUXl0hhkw2w,1
BzVL418zXA493ylw8Ltx7w,1
xWKtOLuIOVGZprcpGiqpQA,1
jLxo_UgnGfKHSPK7gGa5LA,1
aivGtJ8QlzyS_nzZV6CUUQ,1
IcuPhhH7QCOCT19EDEppEw,1
Dim6R6ki5Z_05bk_V1htbQ,0
qLkihXrMgw2E9k3u0sxnOA,1
w5UduCXEjPr-uSmib5oPAw,0
VKxn7zmp8nOYT-ZHFZTjgA,1
R6aazv8FB-6BeanY3ag8kw,1
a01JeGRdPYArzDgBLP9M5w,1
hLAWdi804nVfTLF7T0rB1Q,0
Vz8e3TO2lsAAETCt3w94eA,0
vvA3fbps4F9nGlAEYKk_sA,1
erYxGVc1A_bce_S_W7dKgQ,1
ltAPE16jLxC-BAnHhcI9CQ,0
UeWr0eT1KEoMSYwf0vXIKw,0
Fa48nm4dZwGNrXo2XDoZgg,0
tbGpaY8AFjxsZJU4Eubbnw,-1
QGZiJsrHVKFO_B3GLkph8A,1
-hQ8iZygzi0iiTFUkHgiEA,0
O-usNZUjADajkeYXIDAJiQ,1
zTfBa__ldlTdbVgSl5h31Q,1
4mPaDuo9urNu43xJ3KefMg,0
SCkmmn7p6gOs_8_8tnPakw,1
nP9zQBRNSxlnU8BsbqYI5A,0
flUKBy7WHqYdfOrwU1A2SA,1
_tkAI5Q5XQSfgbqJzDKSDQ,0
cvLa4Mpfqa-I7CbLs_8Ckg,2
PSAK5sUss8yiN7Q_72Zlxw,2
3R5TPq8jEe5gl_4eG_VEhg,0
x6koVXXoyrR54_EsqOv75w,1
YBVQik4ySvAlvxobuFcXDA,1
DE8UVNCCpOE0vTAbGaMoeQ,0
xHyJm3MR5V1XsY1LnTDyWA,1
vJPehU-xd1p_-L0O7IwTjQ,1
CuyNmwDOLeMTrbv2c6rNxA,0
5MlUPatQxg4GZhkPwGIvrQ,0
G9LwkTSdKOyOGqd5BbuIkA,0
iqVDfE7XknJ6kDIoepT_xQ,1
YTR7zYN7F-zP98sqFTS2-g,1
kjVyy6q0UY620sEy56kJ3g,1
x-4BOw1IIauM7GhYpTKhtw,1
6VaAYF0Pu1O3d-yrQSwk5w,0
LeUNBYgQL3cERb4nsd7rVw,1
srElnEXI8Qq7DpHquTI8HQ,0
AeoJkr_dlNshB078OepP8w,0
Cdnp0HbJ4wVlzffuueG45w,2
g8l_86CgzcGYRUbnS_JWBQ,1
7-4FxYXhNUS2lhpUb_q5-w,0
IfqYtKTV6_smGY8gbuYKkg,0
fmWyI5ec05F8PJpx3eNpLg,1
i98vDwJCbC4RHvDo0_XQuw,1
A-hKn9an5ZUqUMYEU9RucA,1
aZFxdrDmfO10e3k2LNNFPw,1
jzPMl-NoB5F2fwoHX3hN8A,0
QplY4p8HHJY0ncbgcpb8WQ,-1
3AXz9QtOETod7rc4AYMz4w,1
5WQhLNpG6xZryVCla4gMRA,0
BpWeAIGCrl5jxt-sMJgDsg,0
8pqdYVXF17grawfgP2fZTA,0
_Nx8hwTmjR_x62Byjav0Ew,1
qLXxp0rpzT4kG9tT3wZwfA,0
OoHWabV-ym7_HWlHeXTsVA,1
yl0jTEkeqQwSQvHjdBAxgw,-1
4mZ__NR8jLD1k0rYpSbplA,0
WYg3T9O4dX7FGaiQC4ooxQ,-1
Jj7bcQ6NDfKoz4TXwvYfMg,0
GSsq_y2PfYBzn51gAG_c7Q,1
RLRHRO25ptrVn26DDw83qg,0
CVojju8FvPexy9scJ92wVQ,0
BT2Vls7h6sWrCKa5gGXbKg,0
-r0wNFCnAkK8DjMnv3L6Zg,1
vWcUrFcweGXAWsil_pfpjw,0
ytcm2DXuJWKPTqCtr6uJ4A,0
2dJ_UPPCpcjo5JeYPnjaYw,1
OT0gFIAr_c-d3i-IQ6TZQg,0
xfk9eY8gmwn8qsbyd-W6lQ,0
0Apb1P7RzbQEkeJDuywlPQ,-1
6S0Qno8Hc1sFjtF_Gt9lvg,-1
bsHBCjGykWPG1HHDsmXVfA,1
iEJci7SgW1MXsAPN2G-6TQ,1
GhhpkAkGl4JE_M_Szwegeg,1
pNJhovUsGAZ4XqG3lCU-5g,1
yQEE9ZuJe0lQNoQdG68l7A,1
hqVbmZNLTdR2y7G7oJu9vg,1
dPAQrPQn8bzsZqt7QSdKjQ,1
j0Uc-GuOe-x9_N_IK1KPpA,1
E5dqlvxPw9Q4XFqOMw_lqw,0
EAMPV2fgs9cU21MXOgv3Ig,1
Pv1H9KIGZTDgSaCDuTUjdQ,1
PUaNORt_B7Uim4JyClvPMg,0
ML1RJdeZ7bbfMrHvJ7m99A,1
jJlOPkv4Xl6vxNzr51fnYw,1
_zksiS8qbYcn9GMi6kqhoA,1
9XX-sxaDFXlXO65WnuS65Q,0
1eJ0pC6UrQVkDSflgrs0Fw,0
9TJIYL_2C-JYmm9Ye6J66w,-1
NFoVdVCLmJ4InK4g6GYgKQ,1
MU3i2uEyUBntebU6pEyMbw,1
JgR9549t1KZJMFPgTtSCbA,0
mrMF-W7TOUPRX94SEJGMjA,-1
ieYiA4L5gk7S3kZYK0l_dg,1
dSrt1yGR3SUhvZvv1wyzrA,1
yQONzVpX-DEpGSuKMIov6A,0
SeqfJOg6jZGx2W1bs142cg,1
Jw1ucgEz9SlUKK7_7sqOdw,0
byFWmwlVSmUj-AmM6NZYvw,0
MPziC5MO2QQiYVAMM3fdSw,0
LFOfaMvC6g7huKW5e35nsQ,1
NT0HMA345rSfJt9lqInMtg,-1
iOITnizWLD3NlKxRtZd5AA,1
-Gse8l_ec33gkWgotCLsew,1
8s392ZpX8dfO5Ol2RdQISQ,2
6Ry-gjGqApTSRZkfdYlLmw,0
2J1DtN7FjGICQcgRei3jKA,1
Ps6qpHmBDs5LFEOnDTSFVw,1
hgy8A1Wnqyi4M-HJIFLpyQ,1
T_Kcz_bkhE9T6YejqFqPxQ,1
RbWAL8KYgUp9pNSeLSjXtQ,1
hoDG7g0Qxqje0dP_7MqpHQ,1
odhXwWaYZvD_icIN6f_DbA,1
hWhVP-28LYP3llaMlAJ_JA,0
pF7uRzygyZsltbmVpjIyvw,0
UHCyY_IxIXmM5CFO4zF4JA,1
8q6a5_rWBL8BNimvtZ0a-g,1
JJGkhOmfOFamPbCAaRKPPw,1
hrbA1-im_sd3c6ZL1A6-QA,1
ZXlO9S1MG2I-L5uLSF-nPA,1
cjUmPLRT43wN9Z87A9BOpg,1
jCOTob1avPH52RNuniylkg,1
PMRhNmJmHjugB9NXgn5mug,1
42xKe5YcCIKmGiqW0i4aGw,0
y-uHaMLLWQydSyWJawLIUw,1
r67TiLEb5K1nnacFCEQ0jQ,2
wEsor9I2DcyYoR3brlqIMw,0
s_cKw6m0Fw9jZbobRH0YSg,0
DQlVVaGbMxf3Ed6rp8A3kA,2
6fj7Bfqk_9xjBVPM0z3qOQ,1
PXmR1MgOAWB066XH20HjxQ,0
y3Wkggu97xy3WAb4M4jYjg,1
cg6BteeUKgpBrGCZeu-wEg,1
rLv5DPLnO67TCHIbbBWYPA,0
KzeBOEYw4-pGi81l_yND5g,1
frZdH7hTGIs7nykH4jeIPA,0
FuqWdD44gYFhofESN6JD1A,0
EWnSPExh_T5zTv6oMJOC5g,1
S-85eD4cnHA8uvgC7DyvZg,1
OIBrslaVxFxaaGUsYFUujg,0
6I3FdazyK8qnqIYm11x9fQ,2
UmKs9myR3W-gdTaAnAZcWg,0
Ihd5lEko1ctb71UsOWZuuQ,0
rEC1QrZVEYH8LpowJ_DNZA,1
aSW8D-uiz8mupVU8XNlZlw,1
1Y4SFeY8VWsuyAoTI7-GYg,0
4sE8irsM-l6Y-Npodmx9kA,1
6S3zqOG3NyYTc8r6LwvM7g,1
nBrD6TxddhHx4FhMk32JvQ,1
8KXIh45r0PO4C_eJffmNNA,1
08In-bFs8JOmSTDlQ0BfFw,1
lrTf5TEGoeB6MkYre4gASQ,-1
H3IBlFr4WTmMupkUcX7cDA,0
Aicnm12Zped8nQFXyRRFvw,0
ZaS6zYn_Pb3QrGRZJfNyzA,0
CmNCRMpiJVtaqYfd9X1INg,0
0YEbfeYZXkcTwjos9cgaEA,0
AX8lx9wHNYT45lyd7pxaYw,1
3ed5LXW0Tqdhxdl8V6NPvw,0
9s4xL0qiZ93BLz5XTNWxXQ,1
jw-etWMob2A07geTAVkgEw,1
YRf0L_6Ntunht5ziviG5nA,0
BNOFxq6AAXamgLw_tzbe7Q,0
nBfusVbqwul0BU0Rcrlelw,1
1WTH8nYiGOMUe32q7WDx7Q,0
qXQ3ZBdwI3GlbR5-eYWqNA,0
od49_DFUJY9louGx80My-A,0
bU1ShcSD6obWRDqyu-IG4w,0
6i1XD3mWfxUxkOf7pO1WXA,1
dMOdFKdeI7GuZUIq0jwAQg,2
kqFQLV63mAYCsY1LSB2OZw,0
HKFx1r4v_NIOjMfnghZlNw,1
VQtMFcgkRz7MCIo9sPDaeg,1
38nEHav_0tMMCMZXTisfCg,1
kOK_pWG5OkrBDyxESWPmqA,0
_w2wIsBh-1M1ZCed2KjLlw,1
OmxAvtMyIvCVm16NFIOOUA,1
UO_4j9fGCLflN4wtusPkQQ,1
6JE0fp84Ws59Oh_sQoaWkQ,1
FyyNwrfVbCG3BsYEM5csQA,0
T9iBSa4pxYXP129pHlt5Sg,1
EJkiV-vOO2NfQH71KeqaXw,0
Y293fHh5SZ0_9BZm4M6BCg,0
NaXqRvoW2Zg2wSghf9JqaA,1
-GPiLRLH0MWH6Pjs0WDglg,1
SS073W0tN3nvG36Qy6n0qg,1
xBCfrESSbroTjhVcRfG4NA,1
5X9iW2qF5ecY78v35b5iWQ,1
VjzclBdSXmf6uNrD0DG2bg,0
zBGfa6Vx4K59v8OR81gzJg,0
XLn3Tm6Kr8SzJp8HuYXwnQ,0
6w_k3NCXF_p8UTWDxpOF5w,1
4DDbIvNtzfhLRwz-EOLFDA,0
H61Oufiiwyt_ElSrw-WGyA,1
dvjYiddhJ2HrosdSBAqngg,0
C40IsC_MxEfX3-fOBNe7WA,1
AjE4uM-VaGP3QPCjSjIEaw,1
LMG0zsAkUSscIvmV9vvm3A,0
_1lXRQ2Qda8HDpUQUqTYwA,1
XBpxFy0h7KE-GtKuCX2JQw,-1
vuTdngoxZdbJdbno8IK3Kw,1
O4E5IXT6zVJ3VpbYHqxRug,1
2HHf0hiKtZm5nzt3irlaDA,1
9PrgqakLyqlxTTqvvfYNyA,0
di5qPql10Oxy1z8EmbAFMA,0
Ao57uER6nnpa2KULpZDFrg,1
YWzv8BpoxxDU0E9AJXw3Lw,1
-3WVw1TNQbPBzaKCaQQ1AQ,1
e0vubCKi8KD8zC2C6FdbuQ,1
PkBkqQpAoeX3Ogo5HBthQg,0
3uKAHQr19vFUfBJuXdmhEA,1
1zPhQ3_jdmQTn9_--IbYLQ,0
HmieoxfEuZT91ojxluadZg,-1
r6rb6j66fAhqrvAqYJiiQw,0
I0UXl0AwcpSZCd4_3YCccA,1
x6BemTnk7_eCuvbv5MflWQ,1
xWlCgISVtozxCztPA4nGaQ,1
apCfJVnRyaw6oVUBKujpUQ,1
IXB3PGgSmw4bjTe9ll-tQw,1
1cGZU2gDewDfEu-bBMZEgQ,1
Our6bzte5W1wlIeOu9luug,0
T80zdmoHleRsTbRXJBLoFA,1
R-aDr2HjBAHR3FoL2Dtd5Q,0
To5CjntVFawXM_hpAhvVdQ,0
EEC7t11ciQ6XUjkudRbYSg,1
ZShuQrMfLOmnUQbLP3dwpw,0
d840tbYJSVn8Fu-n5XRJTw,1
NuFs1Sh5wUa7ZLISMtCMRA,1
Sodko0hlMg7F5doNJGKcWQ,0
Ofo5YwQGd2NAkJAHyO3tuw,1
WyJuGTwFwoN0k8iX8FsqYw,-1
1oFvqm7eSpJbVpxpPxueaA,0
3rJE7qliy8_ylKhY5FdlIw,1
l1kqHWtICTNk8TdCNisf5A,1
GpK9MeUjEd7rwhejG2ykww,0
nLpV9fo8xml-QHOKyOje2A,2
1-t2rcSaH4JGi1jejiHfCA,1
QVR7dsvBeg8xFt9B-vd1BA,0
CuYHDItnOSfSlPfPDA9Btw,1
PxUQyOAdK8c3P_WnrXuCUg,1
OreqUicD2AP5QW2HblqRoQ,1
WcGTSRku3mrVK7V9GKq4UQ,1
9pGs5hcA-13x5o97XcMt_g,1
ZN-RG7wkT8MLsmaTPzIW5g,0
HQ8N_EwJA3NdF1UApsF-fA,1
cKxXBvOithS-Ic5KnhEKrg,0
0K35eGvzVRZEirNo5v_WfA,1
_D3KUba-5fHTbucTBAnigw,0
ADJIoHN3uLx-JalYl3r3Dw,1
863nEWkPZ7uD-ZRTmmJokw,1
BrIHPtnJC6gXDEbnTuEupA,1
LXhL5X3edNRy7epku6UAEw,1
miUjtW5ZOc4WN0pB53VokA,0
K3ixgWzwRVWYt3Kc1JqQ9A,1
UBHENdQcmWBG3vnjz6OdMw,0
IwhkOh4fPsiU7TThIsz6Og,1
rz720wm8lHe1-aJDZeU52Q,1
dbh72sNyNeHUgJqQye9Vbg,1
m-3kIelwdkCO1F5G6vnENg,1
1iJA5fYMDLjCE8PBrt4kMg,1
P4ORLZJfbN9yExjg13gVMw,1
BQOLVEsUCPM4yJcNkTO2VQ,1
_-TRcD1fi3Eq6U0tEb6Qnw,1
LzpR_jE6VIutJ08s2cdRrw,1
EVRoFKVKbgP-rz9_6enViQ,1
bewtZL-VV1oeGUdAhHVz6Q,1
RT06SJHkloqMvNn1aXdpBw,1
oJ1xS-B6FJis_8_jdMBPLQ,0
unPzS1QJJctlZyLGFSk_HA,1
qgJZUKNVY-LbGKk6XEP3JA,0
K45lBLY0uTnPduIOw7U_BQ,0
n4mfUCDXHsg0GH50HzJpug,0
1-1VcGTL3GyCqUpXZLFTZA,1
qW9UysjJw3y3CwEbzruEEw,0
fRtuc2k17r6aZMJWEMcXFQ,0
Rus-ewyqLj2D1RlqK-je4w,1
x5Mv61CnZLohZWxfCVCPTQ,-1
5Igwt99qrbgFQTR7jFC6WA,1
EZ7MD_hOsBZuWEvSjXr7DA,1
K9fIADfO_zKFPFm75A1Hxw,1
LGLOtR2e-v74MpB51k8hxQ,1
EyoS7DeZ6FHup9l8CpEoig,0
reMYkuDhLk4raAviOFtvOQ,0
-Rj4yXguyZ06ZMPMmoR9tg,1
Q90fNAiXiTHFoqgCDf63sg,1
faitVIiNezSN0ogZQSZPWQ,-1
k9jVAnCxDUfg3f9CN9boRw,-1
TBTaMIaeDw5B79hXDZBtrA,1
0De3TQ_uSOXwgduKL0va3w,1
zOJdahdaaLz7DpfdIucslg,0
72pUqCkncwVVn65cIiX8aA,1
Ty8jreks3Xy9-Jt2CgAOeA,1
UexMw8s7B1J-RtFOQtCCsQ,0
q2SZa5g85758iW1L9sSL1g,0
KyLmGuB-EjpeliQO-Qu9Kw,1
un3KC2gyMrSG6yqjVRctXg,1
7KCLeDNdFDkdoA6MUavxwQ,1
m9Wqqma30o-hH2fAX7dnug,1
VF9wvcgVPDVa9LBDHPrXuw,1
VXIkI9_EbDbYHeO9IzKjJg,1
0db71MbrvcJnyk71COCJBg,1
rHFWPJML2WlGbad0Tqevxw,1
jqbrMBRsByyVBm8OoQ9dWA,0
k8q3ypIoIzchdp3RoRUsJw,1
2to5b5taseO9zZ9tnQqhlw,-1
edhOKyKllE-gk9B2WQjHvw,1
PkBqPU83bf1zArumGVHqcw,1
QEXLvs_JbZ7BxFfyqLla0g,-1
Cv4kZH9zN0wpN2Drn0qkLg,0
C_YBdVpxct0NqjrCJDBlxA,0
If2DUhmWIvlu2JFc_rR-Bw,0
uevPN8zwJpBpnxRur1jUhw,1
1Duul3qCnLrNak1Np-iHfw,0
nY2QBNMEfT3j68j-DHOGyg,0
kNINeBoMawMbQd5cEEjmHQ,1
lrSv_9iHCrbAFpPin2LcqQ,1
rVUEZpHQfWI_3kt0lBwaxQ,1
4rySWsfL5enT7t4XuVNJuQ,0
kR5i58Pcse1FD9tk-yYLlA,-1
ZoQAOnEFnyHjSpomtfqesA,0
YldXB1hRpnE1CWLF3mvgpQ,1
KwWKimlUB64oJBtYJF7Bow,2
JXu6H3o0G0SRw7AFrbc4qQ,-1
L_MtTn4IUBTmQtqqM2iFqA,0
NQRePJxA_ev-38n41HLlDQ,0
lDpZvI18smqlyBeC4YykFA,1
bx5Yc7-_E8wz3Lahpq88mQ,1
UqXNc416VPZrY09eMQY_eA,1
-Ogv7rpcgUHkFaSy3vD8Sw,1
5q2G7FK3J_Eml_mcldO7Lg,1
GfMRsE7rYqNyfC6wUYZkzA,0
SgTjnyElc26gPUghVuCuSQ,1
7WGBi29_vj_7RcPVxpLNHA,1
632ieN9WlWR-3bG5Uug7Vg,1
m34siNIv_F15LIzkmxP7-g,0
6syMU43FKGkcbX2957Ga8A,1
p5RUrPQ85dVBAGErqzJS5A,0
9OtcE1XTl3xeB-icTU15FQ,0
R53UdKGf8uKUIqErS4vc0g,0
E6HzAdx2vyZVyuNoa4-Xaw,1
kaeF6dd_f_Hd7raszKWAWg,1
RFeDe3fNr14kvUKlVx6_4w,1
9xsmSRFD8riQF7UCBrD88g,1
MhvT7kwSYnleQwRYJP2syQ,1
SYHatptm7gpcmYjW1d-o5A,-1
bbmuF6LtbP51bk0Ia0p1rw,1
9Vu9KhK2-kBSM-FXvxXGNg,0
0ONypOKIhttBz9IJzBE8jg,0
IceZ4BtTz76eppjNWm-c6A,0
FW2Z4ll4zSOEDAJX9-wBZA,0
lLt_fT0SdOEe8hHyGcoloA,1
PxeX1M8WtyPxX1MuuGIh-g,0
M_YNzre9XrANx3G6ga3RdQ,1
oc0Wl6ktfMLb5VZ2Uz6M2A,1
YDOCUDowvLzQtDdg7w3esw,-1
_RBUU1y4yJrK0SPAd8z0-w,1
P7wKlbSRsoRrfH3DFOY08A,0
_HAYDjkPJVabBXyvx-u9YQ,0
_gXpjRIjb5fv5f5IVGXvsw,1
7XfT2w9Eb2Xbu-iP4xulPQ,0
-fsCfTYEnJ4s6yStgBnQig,1
Rx9WPIaYCBquFBC563RjYg,1
DlCtdbceo4YNSI53cCL2lg,1
1LSxfyNIUFbQb-Ej0FDGTw,0
2RxIERKZi5gjLW76MkFotQ,0
Q3LD0oaNyYxD3LAe5CW55g,1
jJhNOhuGpIsJX5SEUFFWYQ,0
wyOMi6P9E3C8Fk1IxlcLJA,2
mQ6_slsCd8-c8WFNtESnqw,0
CdOb17NMdQpagyHSxv5mHA,0
zARGEdB0JyPCPR0f3FKGxQ,1
vjhOjeoKL_TGPXON6XDEsQ,1
5GpvSL1tlAjpgdJKZ5eLpg,0
zwToyWL4dT1clsFPK9wI2w,0
vxPPpj5jJKO8DtapF5S-NQ,1
DfLML2IlhUqztTBURxOAxg,1
WODjOwrESd5SKl6Z0cEuBg,1
trAvQPp7gps0Btk-2AmLpw,0
Tlp5G-slaW4XKRxhgjaCpA,0
Um5VnQXli9IwplV2rmgggg,1
-mz0Zr0Dw6ZASg7_ah1R8A,0
RkSU74wqRh0GdMYObcxTxQ,0
AoJUauqYx9rjBPouocdFjg,0
