Mdb3HCakHXN3gqAz3RRb1Q,0
kIco4kv-FHT6QqdkDQ2cow,0
bjUH-01t834CVg0Yl0CLWQ,1
aHGcI-KGitnGRco_D_I9Ag,1
VZYMInkjRJVHwXVFqeoMWg,0
yIuVbOjP6K7BRELWXAmCMg,0
kEyCMHBnohaWc81omLDfYg,1
FS7aGG1AOLbrVIGXTuA5EA,1
qcylQLL-fXdFHrdXC2jZFw,0
Fb5ZL4VkO2Yfx-bNJexAkg,0
fZELqByT0VHrQHwYm-F0qA,1
uMO2dbCPPXNlifLqmDcVhQ,0
mwiNm868yAo8Xh8hO7Ke_Q,0
ke3RFq3mHEAoJE_kkRNhiQ,0
SNpVV5viJ2aPylP6bkAx8Q,1
z6vO1HR8L2iW4avr610XKw,1
PwxvN0SnAGPdqXdNEYVT3g,0
-6n29ZcBHteJ9eEexoRQ7g,0
7tn830HHAYHcJQ9RRvl8sw,1
Nqnsv188jpV-FdIVTuBjOQ,1
YxMnfznT3eYya0YV37tE8w,0
WfCqK14lbTLRDgjMNDEa_g,0
EWMwV5V9BxNs_U6nNVMeqw,0
On_3zLdujQdvDbBYUirNWw,1
Xbxve72Hp5cWWj96ThGNtg,1
Xq9tkiHhyN_aBFswFeGLvA,1
AsX-6ECbV83zGJLUVMre9w,1
5U8tIBprXfTYCKzMLlIA7w,1
OaTFqMIAHUhJckgvbP9IXA,1
d47eCbPAEWha4KHmjMB_Ew,1
CQHKoO91ivQJ9hFDCFdSSw,1
jsssdwELXUxNYhDco1Sbmg,0
fJzKYljToXOauSohw9cMIA,1
vIDQO_9Ytf10vEndDOih8Q,0
txCJurIIrE9ZoHu3gZUvnQ,0
v3_CQRKezq3JdX-xxWambA,1
j5HLcBru7FEirYJPbKFVWA,1
kYkuqU9wJS01L8q4d2nTTg,2
p8yg26BbovkfL2iw7Pcg0Q,0
MuIXnv7Oq7X3-4aEsp9dDA,0
EqyNGesG22jNfNT5pmfYgw,1
cNGI_5GbfNFbZBMQZ-s-UQ,1
POIEvBUafDX610SBKwK2sA,0
k8JnZBspVOI8kLcQek-Chw,1
Xq1_YvXpmg7edv2SzZuoIA,1
3OauvrqUU8nDLWcW6q9hGQ,1
tBpcKHlBJTwRLq6Q2gv1KA,1
lvpXyfTDF5WZnjzc36r5Wg,0
EUfVkqNFv5Ay0W7nbaivJA,1
nfyqtEoufkhjv97IueK7Ow,0
gisqm25gjoAxutucBYnRKQ,1
RSOppDX3TPNbBtrWuIMElA,0
FFHzFdyWgM-OdMghuXMPEQ,1
Jd6cHRP4JXdK2MP1NUWL_w,0
H74aYRotUzWjAm8CEExOrg,1
cBzZpDqBaTdugB4JvfEhXA,1
FaiULYK26388GWz7v6tKpA,1
YYy3aQoLvjLhXPkpB32uzA,1
ESjWCcBpMeiRsvMYXWgdgw,0
MLVKDbuI2xaOJQ4-NZj2MQ,1
kGEW4XXJQ2FS94gZv_N7VA,0
y_tiOBglwo64dN_J6h6rtQ,0
rN2cc4bXzlsIxhWEoolBTg,1
K8pM6qQdYu5h6buRE1-_sw,0
qyHsF61vhG1PsWi8PoNAYQ,1
eFA9dqXT5EA_TrMgbo03QQ,1
YvfkUv7Kbq_NoaAQLGXQhA,0
AjVRPatAHLNwbnx3GWk5Gg,0
jGyJnMnBN2KQ2Px8QcP-_A,1
v7pdhN99iD4cphcb-6JHVQ,1
m_rEr3Vg1-f9Dg-Nag4FWg,0
zG_wv69bsllw_PWhOmoAKQ,1
j0pznV0Lf0grFBQq-tL_qw,2
eRb0wjIVlj0bbfmePKZLng,0
_yW2zLQAmqhj2m7rBbpFPw,1
ycYrsFV0wxeh0vkaKxe9gA,1
Dh-jKrXlivowMGDtfD_gug,1
40_99L6HTtK_eHHT_tCjmw,1
3XRjQn9R-F7YJ-ZEuScIUg,1
7_y_M5wRaSvNXt-q4xvlEQ,1
wQXqj3GTHsF3AcWB3LTxMQ,1
uLzb0n7iYbaTZKeta1RDAw,-1
ZJmzBRQUXeQ6e1yv5nHNqw,0
jEWfxxA_kjeJE_Z_ku3zLA,0
VbXy3tH5RAu7HjT7VeMMgA,0
V9i9LnTg9H2XvzqCVBSOXg,1
136zvrfN6Kpr9tFj3OMNUQ,1
wjdliX7p3uNZJSSiwB737w,0
lLU7Q9fWurssDHHFUAxmxg,1
PN3aQAH-RONnK-ahkNm0xg,0
qdI9KaRhOzaJRK0dvGUSaw,1
4zfrcEmGvZ4oYKx_revTxA,0
97AFYADGuOJX-mx8YPFZpg,1
x4L42igQPv4TFlqGR2Wthg,1
Q2u3sUNNDHfPSgoj_V4uIw,0
fJx0N4N0NbyHEeoDU9nH8g,1
yypKLRJxSjR2uNaTS_O6pw,0
eHC_xNrT1SkJyC2oncJlhw,0
kz12EsdDhr4Y_yZ2OlAQzg,1
9f4cTpQh7E4HB1Tl8Hk72w,-1
OEPjt9cO1xYl7tYCkl6A5g,1
lU63YMgE4IoUGjSIYbm41A,1
t_0576Esa58pcLHCEpj31A,0
VX2Jw-AxnE87KS385HDuWQ,0
IzE2C8U4IKdXG3qh1-TKZA,0
vB3vEjcw9dfHmgP8ac5ZMQ,1
sZAzeccYUVPjlkrlMooV-g,2
iNvY0zAlaD_ye7Z6rHu-Ug,1
PLUh7zB-tARsfN8hIidVmQ,1
-UHDEY88hqUtrTPWfQ5CgQ,0
ugc287HhOgVukLGZTaX-YQ,1
hzHyNCc3WijMVOzPcCuRJg,1
Y-bDtbLUp-szo_WxL883-A,1
FUKRPXgUx9Gm8xo4c9VosQ,1
VImQLS1lPys8n-EqYVyhMQ,2
Fl9lKEaY10EnXxekPcHPPg,1
yGmdo1ENajB98iryHGoWFw,0
KszjzV0F4WqkKFH_-5fHmQ,1
WzhHlaEyaHE4KIFfcqC_9g,1
rw7JAQHE5Kpgs6YUMBeaBA,1
Rg4dHuszzF0Mb4yqtoHSiA,1
xHe6WBPFINEHUIeq_5yEHQ,1
MPmSoEd46WXqhN-5rw7Yqw,1
aOR_hD-xXsnU6bgVcJ3uXw,1
6lcay-E_ssmzpGanKbColg,1
sbX5NhQIuNQTZ6Y6vpoFMA,0
gkv2XvXpFgiq4Bb2XK7YmQ,0
7Z-1mLIoxCHUxCp54W1CGQ,1
rkzTvFSQoylgVc2oYohuDg,1
B54ozdLlH5ozkwnweskhYg,1
EzAen1_nwVuiWPKBj9HUpQ,1
hzUOqxpcnYYBgLlrgvjQYQ,0
kK4AzZ0YWI-U2G-paAL7Fg,0
TuuENwzxOFdDLY_oKCbFZw,1
_9wiSQbsRe0fiVeHQkxygQ,1
OOCLVeqqMFfSnKa7liv0Kw,0
Tv8wNut_lhraPhJw2N9xKQ,0
nvaAUTTl7oqiJDhuimNG6A,0
b7DYG6rI5l-9oHxBJ0iNtA,1
STv-ED3M2xmRFMSvQbWGaw,0
lJe-zPM4U572nVI0eAN4Fw,1
MhkZLdUFaHt5SDcQcqOWQg,1
nPUq9XZrQRxpOArwNbRD0A,1
H7KzlC0-o1wIhlGg-Me5Ag,1
5jpFRzXrx9FGH8qgQ0z9-A,1
Cz0McL5lUaihqOIw0_Yo7w,0
WPmamMTGAmNYXGoXW1mWyQ,1
X0BsBdPGAyo9gLPIRJ9PFw,1
NZ7IwFnVz2t3nygNqTkCyg,2
Pfb6VOIiroqDWOebfgWGPQ,0
amHIo_dgGfYk8tr8OhhJvg,1
kAFfVsLzPmA6Z9yFZZIy7Q,-1
70t-ybLLFRTEKZ28sRCH2w,1
0I9hM9wDi42u1thr_H9VTw,1
T5HYqRADhAL6VPRAacz74Q,1
F9JMoozBuawVaLgkC2_NtQ,0
os_r5fCkmjeP980CLv20MQ,1
N-gqIeVDebI3qgwxf1jMcw,-1
mQfT3JYu18HN22DVylcE7A,0
19yh2tk7HXOBG8GU0_OrKQ,2
UI5ghIUeHYxzwSfaDVUXOA,0
i_H_yKtISROjQ4eruSwyPw,0
ilnAFVGDxDVePJZ-axgSpQ,1
a8_lHwlsqvsEub43vgYqrw,1
Jje3kP5CNasYDSpH0NPRGQ,1
fTHHKZPoxaWcPc7lG9UQVA,1
Hd6Kh_BcorPhCWVn6pMu4Q,0
eJpr6Ks8pr4bmvDVPTN-Xg,0
dBnd-XxU5FUZ_gY6fkiJxg,1
Em8zrIuxwBXnIZMDMreErQ,1
xY1sPHTA2RGVFlh5tZhs9g,0
8UTQX1Yz069EFNiAYqIYPA,0
sDozh6iTylTJD26d7xcgGw,0
2ge-XuBnZ3RWWnBFWt2X3w,1
j5X95__LDR1IgdWYvcjzAA,1
zmFc8M-hS4uuyY0hklIpoQ,1
Ta-fY1c_E8qHBBDQGyxPkg,1
G7-NoraGlmzwO0sgs4fbmQ,0
wZwZcte4lcbu51NOzCjWbQ,0
uAIZtyGIC1hX4i3Ukmhf6w,1
A-ZhvQa5A-XSqZB3HH6TVw,1
uyg5_fHXJe837GXd-4yiSQ,0
Y9V4EebKsaBmvKPlxXVheA,1
supigcPNO9IKo6olaTNV-g,0
eOPxvbzFTBjO5LSV3uYMug,1
NCbHGtOP5yJBJsPPaE3X5g,1
0xWF7PpTNl-awqg2YGxxFQ,1
KgTb63IZHFn_rhLG-cpm_A,0
_-9pMxBWtG_x8l4rHWBasg,0
mSbFLlDB5Qu-6al1e2DSBw,0
PWiU2RQx7Fi86iYJMf381Q,1
57YV3wsiNBp-aK25qjUeww,0
GcStGLZRzfWqlGaxTrVX7Q,0
PejTHpMkh8sJZGdGaZuPpw,1
AW1uq13zFslTBoD6vL99Bw,0
WiSfthdxU4KFUu9wX2FRuw,1
4qOPELunTvPQsmmnLDr4Jw,1
rA87FFHBiyx4i9jbDpcJ9Q,1
y8a480EiwWikqlR1inkGxg,1
-Mf4I8Jr_Vly37Z3Mgf0zQ,1
19hZVXTJ8nGUMBsuIfgm5g,1
crSme9ZoLQNMtRGxv0htTw,0
CqhsIZ7TzCfJTrZqg5-gqQ,0
TBCQ8RimkoPynUoMFmxpLg,0
9IbQxDmWBG2t8w9nw9VgEA,1
AAkqVCuUGIP0gvY42_CRYA,1
wZzUPdHpG2PM09evT72RMw,1
aCKntLjlMtmkYvQYXKi9Kw,1
PsKAMRgeydy54ytW8xWKCw,2
CFuzIBaREsa0nunnI_FFYg,1
CMI3SF1-YwAEfUXYkKS53Q,1
z0xEfgr1-lDqVatrX-rf-A,1
bvYPXRj2ONK3VIDZ54PFyA,1
mW8B1zfP00peHsOskq5GEw,2
VY_tvNUCCXGXQeSvJl757Q,0
GkxEw4VTC2eGUYQMf02pYQ,1
-mLcpJYfX8tw8LR9bq018w,0
OqRD-pLL7JNyYvmbcNmaDQ,0
qw8tzQGrA0lGgDBsMHAr9w,1
fVJge-YF3sWetiEDD-hIHA,0
BVtHYiNpte5Ldk1gMO0fEg,1
NzmTnhKa17kZbuc-M0u41w,1
nk6_ipMkmUvUtq6Xvncf0A,1
8n_YaIqhFivUDUxVuaoKDw,0
7iFL3b8m4PT0kxosv-SB_A,0
OVtSFFNohXIz9vdWDvbnEw,0
dNsKB5LA2Mf8BDqTS_FAIA,0
Ewf8sZkyCfhi8Nu9LbEc6A,0
EGiGWZp_zSqdeftiFQ7MbA,1
0NlTmTzKYXbE6Hx2iGEb5A,0
QzC9ePNTrJ5QQwehsmMAWA,0
954o54yKmtBrd_F3EynwNA,1
52OM_pfQNbWAwZ4ztWqaJQ,1
kJ2aJFIJIK_Hnr8aj043kw,0
MwaFQkJxzqg8G5_hTip99A,0
8T5svijmw6DwDy8-1ZRFSg,0
IkukcWBvBl10_5VPbx-Liw,1
zmjWXerSZlB0eRLxrKevYQ,0
96Op48a-5MMk9sTOd_V7NA,0
MiVcQsXp3TYUmeD7FSa-hA,0
iPOvppPpoMPUMPyVN81JLQ,1
DPVk5PTQPYuVA5t9wOvGLw,1
KpCKaIDZ1m4bQj2ur3olfg,1
VpW40mznMS43CqdbelX2wA,0
oHoY4vX_wqnXHGLDhviveA,1
YqcPBiZMeCjZFlJlA28zwQ,1
RE_avyJUm52qCTRAA2CbkQ,0
Cr7RAu2aS3yyioaAYaJ8Dw,0
1sNa5oW9ZYX8MbMFkx9LzQ,1
H92SaE8QEFyQHjwYEcCCCw,1
UVBPF4oYrb0QfgW_DMbLPg,0
SMpL3z4FLF07bRA6-y22JQ,0
oY71G_AaKlF4Il-gt4L2OQ,0
s26P-jeVUH9TjnTPQttPag,0
LXBsdqhwSB0ebzBkZO4AXw,1
62uhxauw6vxW30XyTVCbjw,1
KleJUKZjGFFhybrcpZIyHQ,1
nPF0r6FJ896f7Z1wamPygQ,0
Btmq4WdwevpVWTPjhzf1YQ,0
2unQHR9uaRxk3dsW6f3MGA,1
OJG6XEdu2EB60r6OxLFsCg,1
FFdlPSZCGgTdg1CAfrlvlw,1
pqkwR2me0LhEZulRcQpOuw,1
auorqdHiATGZHVd-sd79ZQ,1
T8IP3Ns3cZCgdyPqt18Cbw,0
8WfxFaOGJu_rARD4Xe-MQw,1
Y2Lfzulh_D9nNcuH49UT4w,1
-8wyZkzfBmCFkMwCGcR4PQ,1
ealuKGLqWQ8VsOU12hq4sA,1
fCu0PvYE079wJEps9tG97g,1
adKyTJT-RtaTP0krxLyQwQ,0
9qxRn-qokwlmnRnv6-baLA,1
Kur7YGwuw6CqnqEypNrOvQ,1
wH9WtaTlrRawH_IpK90RPg,0
OllL0G9Kh_k1lx-2vrFDXQ,0
4XTcSltd2GydhvOzAV4SaQ,0
guH4DGRw729jqhAeIzOsMw,0
Mie70jRF1hdVqiB7G_lIhg,-1
WFqgUll7rgnI4zsjoKAjDQ,1
1zDCfNgtfyh-Uw8j3JxhHA,1
HFhSObXGnsvn6V7KX6cYow,1
SkcccvAydbt5zlQI0EUL2g,1
kNnk3xy9eb4ym8nljQUGlA,0
TepT2VeFe3tMYdAiqj12vg,1
kFVapB4z_5VoOnYazF_ERA,0
kSWu7MCwCTjqsmRzrnx92A,0
D10U9_7yvW3LbejSEfV25w,0
3ewMJEnQmtmMYp9hyT690w,0
r3HWH8XeoV9uohlcrwrMSw,1
MFlkmsxlDloSiEd8SLjnAQ,0
FJDBOsbQWm5hoTy2LWE7mw,1
y6uO4ydAwBHUujfiSktxZg,0
UeYT4UMnfpb9lJkmKnz17w,1
B6sT5YGBYB9KfhkiZtzQ4A,1
GNZuoHxehd_3Kej7eXj8iQ,1
Mmz8iWNfeXkp1dIP0FkTaw,0
nQOfSLVkN6GnBCYKSc0vYg,1
gHKB66up5VluCWT4vuSZpw,0
DOmvaki70flMQ8W-yGbaHA,1
VCCOmfNKYif3GA0YwsnoVg,1
14NSxaXBNspIVnsrMYJZVw,-1
oJpmYvLibGrYPDvcaUeMOw,0
_ql42UadWUh9SgU09_c2mQ,0
NCeKp7rHZkAzx7CAau6ymw,0
3ez4Qs56C_cC-l8x08l6Zw,1
1TB4WNBOdNQkueagIUh_FA,1
nH-M4tv-GF5-aTWJM3iqHg,1
OWain9KWY-rr_dbE-OYPlw,1
1ulwCamdqoX-SdMTcOhHDw,0
e8FMAuTswDueAlLsNyLhcA,0
znmvCpcwxYk_kYCqtUFt5Q,1
6v0vQm3wXzaFoEywvpbnqg,0
jh9NywTvV-POnF1I6Pc9ng,1
9IhB1OUtfTdJyyuZvkt9pQ,1
FHOY9V6jkxT5lrkpxOYXOg,1
qlrZzAktK8wODSHxhLEK7w,1
bZkRR9-BnwE-sb1ql7WPJg,1
a9Wk44qJLWoJQT-_H8MB-w,1
Tt6DYs0TyERWHWW5xiRL_A,0
yKbXWo_6VlS3mD_RcPquog,1
74hGYtpaERi2FYKo5bP99Q,2
kCuThQa4pyo6S7hXyfSqkg,1
7bkr2A6Hr0fnYOVg0O5RHA,0
knLSows1coxal0jKtFGl8Q,1
FX5mDx1QR31IoCZznjJJ5w,1
0HDkCZtCvua-Wahio1-pBw,1
8PYmv83XaJTioz5_A-SVxA,-1
LEHLUGVprLltl9lhQpxczQ,1
fsQFHGMbqWf7MT6KYMuJxQ,1
tiLDQO66G69FBHdnndLUAg,1
r8CwFUEQtL8gAT9KHnNhuw,0
s87D-mtAuJ8BluKgYYsXGw,1
n-iA7O3vKAgCMk3Caf2Syw,1
wwQxWLK7kHj6MaywBdcfFw,0
6TH_CEK34v6vwHE3BBMkpg,1
Vu8od1U-h5qqwj3Jf_Hnzg,0
WlHYCp12hzbbJY2B_xWpuA,2
FxteKHchB9rFBHTZNTZH_A,1
0-lJQCSwnHmIczjcSw_N_g,1
p3X7T5qvZ7YYBYHl8LN6Vw,1
aQ9qHCd6OBIOvClTlnZrZg,1
SgGINtDKQgoXoAnQgrDKDg,0
oUpVWZv6Sa62wTkkS7V7qQ,1
I3KRHQvoLB6O_MZ2-UpynQ,0
pa6K7DGByxBXxcVJ59nWMw,0
CckmnbRINaLB4Aaq1dAFCQ,1
8obRHXXQgpchvNxqNJj8fQ,1
PONDGYxI1dswoYjrzeljbA,1
9vhGblDXvWM_6q_kWdfInA,1
Nc2TtVj6py6dHH_XdWAKRQ,1
2BWTKRkPNgTTZNWGMkmYRw,0
zlatJeuJl05vsJoHM6XEDA,1
50hOEQ2OutvIxrMjNml5bA,0
IpI-5jb7m5UGaDB4c5lH9g,1
UcEaSZ2nd721f0C67zN23w,0
4jf5PMaxpcgA_fhirn5GgA,-1
32dee8YUFOSBDeIRmG-tPA,1
Vz-PukBDv5j1UDOYbMbb1w,1
iDoigI3605ixHl_qHly3Tg,0
KqsvvlzoJH3TUrk_vlbcsQ,1
ay9zqzRGydZz_zfgSt05WQ,1
1hTBIFVqHfI1hRpdS8iIgg,1
SDwYQ6eSu1htn8vHWv128g,0
C91QFTAsvYrvRFvBe-ec6g,1
FhjdZ2DtjVgCfK47bYO6sw,1
Ud6MAIcHxyao99gnGWqtnA,1
DAIBZ-I6i5wEUsxEolzXBA,0
yJr24Yy1K6bt2G9fX3_zPA,1
7kKOmFM1HBtJY3gMT5Lj-g,0
waOHPeROjKPz-KXqlSsoWA,0
xMK01ZbVUYLLoyqoeWAIVw,1
d9eD1kEU7YRRIirdzyvJiQ,-1
lf42gtgq_2_jPvjfp_K1nQ,0
dlBKl_UBkiAol4KgCUG5uw,1
5vgmIwBB48fwo_WC8vGiXA,1
9dopZKjYiKwPiw7kEQsEag,1
FUUXfZfN2NruelWQfQxIzQ,0
p7m9uYWxKSFCF-qC7hPxPQ,1
S0GBHUVVYD5alToykPKaew,1
uj6l40XDcMKnbBX-ogiaeg,1
0qUesn1TBPpPjW20h5Lqfg,0
PwCIMun-O0dB7Kh1NP7n5Q,-1
BmHdO6R4AcacBPUhzGdTmw,1
9d4i9ssv0XAc2I93ZgH5-Q,1
ssSeK9MYRCUjoabppekwoA,1
bEQjf7c-9qkNWgXvriSGZw,1
13ApBJpR1W7cke__9j74Bw,1
8q6a5_rWBL8BNimvtZ0a-g,1
tDbXsDOecrv46J7YR2-FNw,1
JxgoluY8hnC34cys_f80xA,1
0_3hrGrrP-J5eeHRwQfZ6w,1
YsB1NWGekh-4ETJW3vyyWw,1
jFfrM1y-L1icUZXjBpxmeg,0
NYl-NMNmW6ho-qwc4x7tPA,1
UIfORCz28cEGMr_9p0eJ5g,1
2KCHbRLC2e9b2tiFN5Gxww,0
MpFziuV66BreNV1VMCYs9g,1
m3u8wtUHORnLlB-Wl84Fzg,0
E6DnUFy3GoN4DxTqturtug,1
jRfdz5voj40P6WS9L54caw,1
6TuM3UyFP9O9uzTP0dVZMw,1
podj1OWSL3oEJsOpGj8SUw,1
NX5YHSIyesufcsI7Rg5NLg,1
C4_VnxikagdjSbNQiblzYw,1
pdsK3YZfXZbzOEVpGNcilg,1
Tk2dSL0TwQeI_zNJmb442A,0
pQAIM21Yw4eNdbha2Rxkcg,0
vP61sXEXF4SssXR5zIhrGA,0
X7FAAKkwOwaUUpR8QPChyw,1
UL3OMN_c-NXHlyb97pDifA,0
jaNxEHBLWuKhQ-lyex5EKw,1
GIGI8bJfN6HyPzmEW-QqjA,1
AqdFUHo_is8NfBh_n7tlHg,1
JBCBlVaHfZUZrq-lQfryDA,1
fOfODlhwjrELKlQYUo7ypQ,-1
Lgqk00bglDyZfe5KbLhw6Q,0
2nGw5zkzvO5c2eH5P4C_kg,1
DjVWQ_Idtw6X5Eg0W5JFWg,0
XWvht_1ZLdK7EHJ3jo4q0g,0
iDga4CEpgHTaS4VEQ0fQTw,1
MAFjNfDWJRgWCw8IOC7mew,1
t0HV1S6uhBxLB5IyZC5hMQ,2
bgTB6MgdVQssXhkNJ7qIfw,0
mWTFbL-ilQiQ9iQwPnViQw,2
rGHktXbee4CErLsMrPqbrA,1
0hY0qoXHcI3czshcrZPpYg,1
GoEHXcq_nY4jZOx3Ay5gxw,1
0ieEqGInYunNBaBzg8j_WQ,1
KVq-1WEJNKK2NqFC7nUoRg,0
UW32rmopWuDpT0X1b4RUXA,0
6oRAC4uyJCsJl1X0WZpVSA,0
mjoxSQR7bFQtlIIjfNfaSQ,0
5T9F47JZHudyuiKkA6_sfw,1
itD_VnpNJnfua6dCPp7EFA,1
7x-e_cU8XX01gftJ8-s5Gw,-1
Cr2JNnewX53TYd9w6qw6Jw,1
GrUh2Jo6sL3wllrtZY4zmg,0
0zHHvaVxvR5BpFXECvNNFQ,0
b4hI0x_vgagZyF_D-OqCLA,1
vFJmFFfPVhHkC3bWOeZnNA,0
FjQWjXvFCdrgdU3Rgi3b3w,1
i0W4TZcoRbOYeRfDfQEX8g,1
HAMKYsgtJ6fEBUZzTMhZwA,0
t4aP7ksa716XY6S4EsWFqw,0
2mcmuAvpNIJuV3gV0v9v2A,0
ABrSt3fsirLrUYNVrD3fbQ,1
3YTW5lq-s-vNI640l-qm_Q,0
T_d9GB_p0ajNTVEZ2CMmrw,-1
ZG4oIFBRlXyaF5F9L3dzxg,0
74qDPs2dR6gSzDp6N1U-Og,1
dpYdTnCG4b_qiA0S_TKzjg,1
SR-rvqMK70EilKn5_RH54Q,1
kjZJsF1juY_pTOw_A8Ve6w,1
dG7KLQ1a584wI5jSADIPIg,1
oqZPXoenkQvAKQJ2pDCo0A,1
P33KmWd4TKSRIzD350JbzA,1
5wySjpHepR-yZNthD0-Fnw,0
OE5nAmaSVaopeRS1Cs9Kuw,0
BL3SqCfSJuDTNDR9_b9NdQ,0
CAhyiTcoGeAqaP018FX0cQ,1
fo91zQZxcFza2Qf2hc2xsw,1
ke0BMVeaQf3lvwSzm-fPyA,1
BRhKD4BEMg6NagsD3z-0YA,0
brz0ho_6H2RBhNzl97veEw,1
4eFIVmbeCvJGCrhzmd-VYA,0
h6jfMpTZpNduLG0wE2tbaw,0
68_EJEA9Ibo55EDp3d-nOg,0
usy2G5R9MWwtW4TF8obg9w,0
qofIz7YPyRqvs7YOjXjgvA,-1
r3r_bAfa6pZKIhQB82FizQ,1
u2OC1xmpAyF9R5RiKdbV-g,2
L19_1cG2ALVjdBQ456h26A,0
-d1I0dwtCg1IIjnI3DZ38Q,0
XmDiFI8SuougNUi02ZCdwA,0
eX_f1ZzrpejCp6xJpfLmDQ,2
jrZ4CdPKcXtFv_xhV8ThaA,1
0hZLn2MG_mRPoyrt66JnLQ,1
fq3TCuBBaKtRnibcSoRHpQ,0
rPp509oz4oFEdncoo7v_HA,1
9dZ1Ql35BMbqoO4yebgxdQ,1
RUZTqEmHP_K9pV4fyzJ7dA,1
xczdDnDIUoVZ2ILT9nEvPA,0
gw-zDohfYJ3_RDlDd3faRw,1
PaSVgXHxbywiEqpv4kap3g,1
xCryT3Vzk_RLIkhiuUJwjQ,1
7tTK3VPlFtBGBHm8-LZIUg,0
5GigZWMKqHnwuQJPTCD3Sg,1
Pv1H9KIGZTDgSaCDuTUjdQ,1
_TWT58PWunYIyPgpz1fuog,1
4kSntr5xn8tAnodmTKevbg,2
ZZevr02C4b_g9RwnezdvWw,1
wOvAbdVYDaguotpdSALsfg,0
I20sRbcEK8Ib1YFQFMoERg,1
umdxfhSlk67yGEi8-S-bEg,1
rRe2eLIQ4MQ7d6vFL26Qdg,1
uM8zS2iv5Pd_KhMBxjwQZQ,1
Bvw2qmZkzIJERXktRSl8Xw,0
4zBdx_EZFaDFJ9MvqxYNeg,1
Y_Y91oeUrIwYa18F8ey5NQ,0
apEkYsUz31lI3tcJoC4HbA,1
UYHa5iKUddnZrlxF7taI0Q,0
cRwNwAGQ8Pc_-orLefrwRw,0
gKPuUdBjiknnyJr9AhrDzw,1
LBskB7ACUPV8xxjBPKnxmA,1
vJStjloE8hsI94Bc9ucbSA,2
UCaF3g4e1Diqpf0A06smag,-1
7UTlEVHU5v2xBLdkGghyzQ,1
47A3pWsdYNhFFy9gUEVcYQ,0
BD74uSwDe175zEqfppDRvg,1
En2GuQV7FoOGHhXX5SMEBg,1
d3MxUXS1b6U2P_gGuCO1-A,0
b5sP47L2NiBXqbsiOnR7cw,1
7YYD_agS3Kb2sAx9JPkQEw,1
xcOncADGPr9eki8OU5Ln7g,0
OlfNWgSITIBffeLC5KWidA,1
Y7UZz1U8FhWKuoPp-_z5Dg,1
GYbCN7JrNHnjhjAIrwrrqw,1
QyDYXJRz3b4f80qsMgpPFQ,0
wc0a0XLhcMkoEQx1TbuhpQ,1
GvwDppcJLm9lso9iS2hSIw,1
W_KPYn5tKfAOY6Blz26acw,0
NVqLUZ7Vb9B_0RJm_BS64g,1
4FmFTk3qmd5inT-ZGFYwgw,1
zwHcKioS_8sp--GKsg0wrw,1
T9BPnYNKtk6B42W0cJJXnA,1
oIwKhqTtHRebTW9jPiBTrw,2
FY_OXEVcewAQFZuu6fynLA,0
3N__CAwM5VZOhRKmxMtImw,0
_NnOolczVHfhEHgCOhpxAw,0
Ou21lwEBBlUNG3JRAFWFAA,0
w43fQnuFAJVX9AsS06vwXA,1
MMDVlG8J8Ymjuza--5Aefw,1
7Yr8FRINq9ZDdR30OLtEHg,1
xhwp_bACX0017Qxu8_AVbw,2
U6WDGMA7Bqxqw_tDQjbsZA,1
K2_Hmmo5crTYWiT_1sWnfQ,1
q-qjZDKcBdDRuIUxj7b97g,1
2JoFCMaPY81rHG_FDxrUzw,0
uYQo0oDXI5NEoMJNWXnx8Q,0
XkNQVTkCEzBrq7OlRHI11Q,1
3Zsjlum5kl5N5KV712aTMQ,2
-vHWAsiX0iHWJw-pkqv32Q,0
OXwKBaV74IM_VduC5OWV1g,1
zw2iJahOnSxlzmRlF4al6g,0
j8nyAaN_w5t6wYv-ni23sg,0
TZreEdLD25xVwkyvmkgSoA,1
cLojUtqkFpVIHFEvA_5Atw,0
--qeSYxyn62mMjWvznNTdg,1
JzoFgoeHRShw6BcMZVBA4w,0
4t-W81Tpt1OER_p3mIgMDg,1
Mzvb9KyqVhrDA7wGhkTAKg,1
YOlwn4aUSQX6fckAFRWvJw,-1
C0vHeuHvd8H-9pJ1Qsb48Q,0
yqTromUJgF6Ll7VVo4iF0A,0
LsU2nh3DREZCmV8ZgiSc5A,1
j7XuypdW_w935NhjbvKPQw,0
PzbEhqo8uz2D-3OchHIPzQ,0
sjCRI-lCh4KLO_RYQdlEeQ,0
VA6NKO6t1nfNzoVHXhh2xw,1
5C4gtiP5qkBKFF3og7Wt3g,1
yjkLet_ngd7-uN3Y6D7tgg,1
-9pVS__IliMA2aNEYzrQrg,1
JN2qXIuDXnV2d8WnSqd28A,1
eR7cwYFZDkNqBSSTohNwLw,1
kLAxRU19GwueWSMwXAr0vg,1
rJ7HH85lo0wTNr5BiYGQ4Q,0
SJVPANlM-ZKzL6Za1i9HYQ,1
80peW-kivTjBBAITGTcqDQ,1
-uGyt_hSdjy4obBZRhOmRQ,1
AeMfb2FtQNnPXE9n92MDww,0
5nddZwZzT7pvC5vBjKRzoA,1
P9z62hMP-QAGQt406dylpA,1
jCldB0wUJU9A_ti45vZ0bg,1
jB1fFl1eIEPYe5FLpCZ5Jg,0
Bc-whgNf9N1VdcxAqfpjGA,0
SvZXOhA_hIuQgR34VfVqnQ,2
_FgyuDnyDCXmWBy03Tq8TQ,1
qyNtVViurIcChc35mfYIEw,1
rqKvfrvfsM_TQMv4IP1YVw,1
X5QTGpPfqXFtmtizsGAksw,1
MIoY6xh7GAYFiw2tqiXOSw,1
Nm9_4UEQgZ8nKTtgXKTNPQ,1
Dt8RITU4OmTbRaKKlZm_Pg,0
PdRzCJWP7nPdYoHPdd5SOQ,1
UwQ5PWlYnHsAIj1DCW4dVw,1
um2sEf_ITsCc536kPQ6Umg,1
9Y3aQAVITkEJYe5vLZr13w,0
-qsNR9gEq09KFor_OxpNsQ,1
bOB11LVavtN9PWTNwR52Tw,1
di2QHs2SrY0XFHcfAq_k2A,1
mhLN_oiJd7zq6eaOS1Nw1A,0
ILq2a9DlPDzTWG8t-fOwXw,1
IFKTsVSSguMjLBA9mo0x0Q,1
eOKOOh1qie10HmdtLErp0Q,1
61Vom2zpAp5yt0wcidRRCQ,1
NWtC07BxIqQp76kugbvynA,1
44Up9Gbs-IKMnt7ULDWu8A,-1
TehSM5JrMRikSnjnnfulbw,0
UHYxPlfmPLbEftz3Ntnfcg,1
Wd2CPmLSeQTQMC9x1_Q_5w,1
RDX_MLThtKVPb22TvJh9rQ,2
OjNTZTZ6HYQghJN-3jmwnA,1
QkyN2vqQidQhotvOtPIrkw,0
mkvGW-l5BCNQvSzjLDYoBg,0
taDJhFyvgD17w-NoUR7WGQ,1
eCDUWNT1iQHrhb8JzK1M0g,-1
01euuGhBwvcDhl9KcPTang,-1
TsmBNiwMMeb8aRrZs00JBA,1
VudqspJ-zQIlYRBTANgdzQ,1
BKEvR0umqWp7q8_q4hTpWQ,0
4y9s1y8WxumJB9ypewvXCA,1
L7xHcco1yNpWkVlsv4lODQ,0
Xh7lpLo9TxodWgV5VdWeiA,1
Q-dsvMlhEr9TgvX8FxW4uQ,0
PR5KXD_CUs05MGfXJ8CS3Q,0
d_8bMNQd0mesbEUeq1U2kQ,1
ZQPnmwLikPeGD0_1CVqd6A,1
w3auuIZmKCdk2UvQbonyMQ,1
Xo9Im4LmIhQrzJcO4R3ZbA,0
le1IsRLrTq2Xo78RyFpsnw,1
GqtMJxq5-7Xp1ZXXmahLaA,1
LRuIY8JFqadCSYLo242MGg,1
e9nN4XxjdHj4qtKCOPq_vg,0
M6fjHpkL9IRI-nI0BattRw,0
TpQMR-JFE5V0UPzTjjuwFQ,1
cWr1sZqJC7cC_EbczXOKqA,1
LbLVO7yqAJGEQ1nK6rEvHA,1
wn7GiuOQ_0VrPXNc1wVTDA,1
J1uE5HFQWD30Rw897mGhEQ,0
yExYqENb4F6qH6kJxTOaSQ,1
edjCywtqffQ8__vM7POZbw,0
NLVcGseUhgQdABs1mIYk8g,1
FOfhEC6rN23RQaUlsR2byw,0
IM-9thHqQbBK5tX5MfTzBQ,1
sllZXXYijYUs-n80uSa96w,1
aozcOaCMwOHG8s-lbZ6_gA,1
6VRbbNQe5ouWmwsMebUMkg,0
D_VXbq6sCuqXuBbdPo9zpA,1
RYZ08XAToBaN-bS5HHVEhQ,1
Gdmig8uYu5Mdfcgn0XsT3Q,0
8SoWH_iOdZD1OvebCwJUbg,1
Us49chcQrPwU9Em67mQk1g,1
Aalbsk2pFczUedpRWKUyPw,1
DT88phJNnT7Xw_yEm1z_ew,0
8hDXefyRmWfw_Q0J_HN13Q,1
O-ylVyHn6e6kaoJO-jHj-w,1
c9TDLIjHDt1Lrxv0U8ELxw,0
2nzUx_M8Szyzsf4CszHasw,0
cdacUBBL2tDbDnB1EfhpQw,0
jtzhY-P4H6WSYpv5rWhxtw,0
IPsG_71MD8pwB9i3TKOJYg,0
5EJrFRz8Ha4D01Cf4LPO3g,0
5XIvwfbIa-vuFEkkeCQ6kQ,1
WzbFGc_YmDeCuRWDrGCNKQ,1
r0cKkJSTFXuGhBu5823NCQ,1
KoJ4jNSmqYbmKqcoh-2dNA,0
1DDTdvU06tng7o0vU7-rig,2
LeIFvm7ZdNxf01OvU0QFbg,0
Jg3COi2_fHG7urLHTKvP1g,1
DtLIpieZkaObk-YKyPDsMw,1
-sC66z4SO3tR7nFCjfQwuQ,0
nNKUkjTaGWW3I3XkpHF5Hg,1
uI4YqMarUpchI4I3ZWgOGA,0
-NOet8xJLGhX-eUzSIDc2Q,1
SZvYxcvYYVRue9MXcEDjsA,1
--BlvDO_RG2yElKu9XA1_g,0
DK3fswHjzM-y7JRXw4j82g,-1
dsMvINhoQbIQgSRTBv2B6g,0
2qqzGBLM9VFwjIuiEKHspg,0
nCeeguQS-MHQRifOpKzwUg,2
8w-CNKTX6dxs10qqRGCKWw,1
RRGRruNX4o6689EB48z3-A,0
uptdn_hZsuJOCp5WCKJxjQ,1
gRt4zXBVY_Z-bieKA5lq_g,0
6G4UcbJ-j9v9TOAJekkvAw,1
jmD-Q7bfsd6Zf2OrFmcxWw,2
dZb_-YeZGUWlYNd-nOXRYg,1
MPyxaNVuWlAQqJ0iKV5rQw,1
UVEnZjATEGkKLFdzV_dTvA,1
G2hKvBRIkE7LKdB_Uf5XIg,0
kBxBEAu8lVI9ikESDJk9Kw,1
l-Xv5Kmg2gilJI3-DGVCqw,0
1DjRf3AdYpdlC1Df9KD6rA,1
QALbv4Qju9yirW3bU4QtLw,1
Yb2pNCxYR32XKmpirqJqeQ,0
wK2RM163ByHaGixGn_UzuA,1
sjO66SM-zICJr5VyumMuqA,1
RmA5zN-Bs89lsTuY6v8W3Q,0
ut-kla-EA23nJOij_dcL0Q,0
6-O63QoQA7mCVVAH-MMtuA,1
YrUSzn3mh5croAXg9zKMGA,2
XMRj865sZBPWCI7tx0uBWw,0
_wrA7CMbMqcWEDCNghi5cg,0
btlVeAeHKq287Ux6SrUwdw,1
IwkqtlUI8DV48QxCz80WQw,0
lFKcrBE-1w5q0TAFxZ_Qww,0
beTWSPdAArLCEp1H2i6WuQ,1
Te_i6EWlOJVdQpuELBABhg,1
pzPbg_B2uSVJ72LIa2G3sA,1
3Y4Bd9eWVMsgejx2bP3MVw,1
AdRlwKxtEh30Urmvi0Xk5w,1
KYZxLGAZ0VjmURSnm1SWxQ,1
BpSLpzq_NRYghGSsb10G3A,0
Ih1TGSZyu2Q8htn2JA4tIA,1
rMsTpVM2bJIoghACAtn_uA,0
7cP7WFmWiTVh-raIL3N_Vw,0
VeMcG5cMG2i1ziUVwQHaVQ,-1
ZEpSYuDb9BgYD-XF1mc_jg,1
CMvCbtkcHH9Gp0S3w1_aQA,1
g3WAdIH2ULX6hFI6hOfBWw,1
Dj4glvoFwKypLjUr9F01Sg,1
Ul1mS4EA2Q8DGyLB7gQXJA,0
t4pkeGscooStLjy-Js5Byw,1
2E5iuTckRcbtJm2pC1tIlQ,0
T9P5upncD3Ngwe-kl-wljg,1
c0RSs2KYK5Y-ZlSrNq9LyA,0
BNkSxRUCRAIYV_OZK5T1zA,0
pfloinlyhv4tbxXEJ9D_yA,1
xEBqFdQf5BJO1HjeuZ1fMA,0
vX1zpCqnyb0GhBa3i_hzRA,1
35uDzLpJlbSztgkJLtg1kw,0
5kRug3bEienrpovtPRVVwg,0
1nq6zzJuVgwaHtXau97_Iw,1
bAkVxrXzYO3772VF6o0_cA,-1
It8Q9-l1EEtTr9NPpTgGPA,1
TfTlOE6h9E9o34dEkw9L_w,0
IPmktV4dkAw1jpHZRi5mVw,1
4YfXP-NxQXntqi0qAknU5g,0
KRqtYdnDpwqYfWkFhZYjow,1
ILm0LCXrDGs_5aGa83dgfQ,0
E_TSzYjABEzD6DXsvjZnsg,0
8i5hB_dmf33NVbWE5SwoMQ,1
zHrdyHYm5GtJ79sAoUyB0Q,0
s3D6__QLcKiK3T6EO7XOLA,1
i0sMoNwiNAo1--AsZJ3Nlw,1
4QPJpaNl_iu8Hiycre7hQQ,1
FHywRwdeksNsE8mGZU4PNg,1
kOLyU95VflUBeyh3LEvruQ,1
PSIoHJpLPnkoH78iYRk6vQ,0
DxUn-ukNL27GOuwjnFGFKA,1
SzCMZ664veIZpYp4Tk84Hg,1
s0kRiHawc3BlFAU8I-GU9w,-1
h26RO7jLyJ6YPHegwpQUPQ,0
INMlF39JiK9buYVNUR6O7g,1
a4wVLeSHNSHyGGbanNuCUg,1
lHr-aMBHh29zLpuB2ShAMQ,1
6pd0Z40VifMh6ETJrOw_0g,0
Jd5sLVzE_p_LfJMBmbOhSA,0
F3SEkW6v2LJ5y6Ldo5pPaw,1
ZLiNw_Q36b-u1VFSeEEfsA,1
qz4ZOcv-840UjfCEYI4qZg,0
NCtzWkMbE13r2M2Sg0wH9w,1
v1jRhfoNKW4qpLhqhI8ApQ,2
1J1iid_qU__8_CxiS2Zw4Q,2
FPD5xXo_QPmJVo5XJKPryA,1
k0qo_gk1rB-ImG9kUZTRtw,1
2qf-0qkDNh7r8iU0498htQ,1
Oe0cxmz0lD9z4FXGWJ1ZZQ,1
W0uhq4kyAlyd_IQC882hig,0
aUHHfCiFtGhN5R6KXCsBKw,0
vzEd_dKnAtBQPyuNCOb43Q,0
ytpmoIty7loFB8kRYRtJHw,1
ItMihRR-t810HgctGofF3g,0
u1szzmBt9M5s86s446watA,1
ho4Te6bO2tGs56h9PF2vuA,1
R2IWbpUgJQ3NRRjKQy6O_Q,0
nefBMCGgMPvOnASoyO_X1A,1
KIbFaBrZDX7rrYJInkv5Kg,1
-VCu_1_Ez4Q6tu0DrH6roA,1
3l72FflaaeI0tWEAWN3-gQ,0
oCA2OZcd_Jo_ggVmUx3WVw,0
sdnl07WmIzVxqNQv6DdyHw,1
qiwajZigq_2twTmYofPmDQ,1
AyvyWENKpPBOFnFFkZuAyQ,0
nlbZs9GkO_ZJk3qg9ZBSxw,1
DGtOkc0KNTyK8rDkmsPNYw,0
ZOUwPzmrwUyqt2OmYNLupQ,0
NA3tQYxR6Fq5O8nV6u41Tw,0
_ODHYjCmrb3W9hIGJI1uaA,1
LGZPRoNaKyts1mwHeU8s1Q,1
30mZ_4EnXX4xVRFkAwcHjA,0
bXXVRau9ySLcZVkjaAOBIw,1
DfJRq4pqowfdTB4iTAENjQ,0
0wK--zW6Bgqgvnob8Qc77g,1
8Hn5X1AqgmSLHRG2KgBJBg,0
EXSivnM_kjqL29uwJt1owg,1
ht17atGW3tP8dFeiJkXI_g,1
kvxrjOmicwb2njvXOJsZRw,1
aV4g1yMKv75FZGWs4a_2Bw,1
bBbzOAtmmgdou5lCFEKr9w,1
dALQVAx5qdF3F-JzT32ELg,1
iE1eq7kDacRwgvFZJmjfgw,0
LxNehlnStQY_rxEwiPof_g,0
gQjTs4BDNYSu9oJhkEsssw,1
OVFcGSh4Wu-ss8Iq_fIC-Q,0
kfveMaYeaqGVNHPitT4O9w,0
-3xbryp44xhpN4BohxXDdQ,0
JHxbkTrLH-jpum0N0zt2XQ,2
fHX1t2iDrhBAiq5wkc4tRQ,1
2I666dqzs1XB6xigIKa9bA,1
YEQkTCmphjr6XKPh4m93AQ,1
9wWLF9R90BCWr6lCnj5WzQ,0
3DMvGD8ZmlMQmhwV66hdSA,1
ss8qF7hMxddIO1CQh99V8g,1
I2v6oOTiN5kp6jxCOAWTiw,1
liyAhk8vzzgXyTHuF0qhxQ,1
4iJUNAUVYNEuh16yK6Virg,1
UHh2br86pxndWXELC6B8Cw,1
e3izESeW0BUx0s96FdSLag,0
zBrrtMoBUCMSLiy-v7pUfA,1
Rs-CJwoLyXHOI13b1Drn1g,0
1lUq6FGNXB-WhQtFF3Mrtg,1
oTjwjLPGqqnh3coj0WQEEg,1
PXW0R2YQ7bEQ0Ni32GO4Tw,1
-oWbEEkEB1zFLzF-f2mafQ,-1
mhQCxOiqp03qnhGRTtPduw,0
LfKPiwth-lGmCKTxlDoV9g,0
p9amH4v0zP1BQgJhYjeUMg,0
vwDE7dw6ee3JeAU0uMmGlA,2
GGXtuLHpWWhkUpVynhFHWw,1
QPheu9dnwdlaPwXofP8ijw,1
T_Kcz_bkhE9T6YejqFqPxQ,0
kbjwpfsKEvsEOVUsxSbbSA,0
M42zwm3xFkG6qnZsnTtt2Q,1
TwMfahsPHFnkLiqqvyalAQ,1
uhGnQjhodEBc0VMI-OBeHg,0
jli7I5jRZBdBfX9pJqsG8w,0
l5GGMobHJvzaQO2rZFwdTQ,0
MhH1kl9faN3RvIO4ptumTg,0
6PFPQeCM-XDrZRy0DHV2Yw,0
UCid2Tas6K4SB9sHO9gQ8w,0
EmlgWjs1ZzZEpDjZCSPLmw,0
zyI8_HQPEwkJ22WMb9ILVQ,1
NZSa_ULvwidCxA0OG7B2Ig,1
3xEB9FyFXolq1b_Qn_BFtg,0
h-9z4dgdEghdPLeDMLpDYA,1
f67EBuoqqgW4h1OcG_K7kA,1
LdEzAYCufZMTbWc0soCaNg,0
FqzgT9Y-Yu7jiWdHnGW-kQ,0
NAkRjPhS4yCD5trp0dY-bQ,0
AMwr-IwwaamJ2l3Z8yce6Q,0
rlG9WPf3h5MfNwHhpNsWjQ,1
WyJRPTn2FCFdj2cYT9pqyw,1
YCCDMLcb7UW8G-o_HsWiiA,1
DmkTDze8ruJr6o2f5GAvJA,1
XKXLd7bFp4YtcIq0GgEXJQ,1
b5OBIHUqtJNsOCZpwSpUWQ,0
lnX2gaGdO0fNtykyFrp1AA,0
sCv1wUWJhFmQEMw3A4lwXQ,0
HIiVx2mseVWKtx8TKfWC_A,1
A2QxXMxv2mVmLayls2oI1A,1
MIgONuEZlXLyQ1xwKAwX0A,1
rhf8H7KZsMHRAprI5-D3sQ,1
tyH0l9SPwV2N8ExwILQ2NQ,1
F-ykHfGY9lWr12OJ_Ofy7A,0
EC9WB-iVjd28B6R6KIZ8TA,0
f9W67YTG5w93FW1w3GWVYQ,0
iAYzRvyBrSkJDu_XZ-E1zQ,1
9ocGgALmbzTZWOS7f7SYcA,0
45puCRQ6Vh_IIAy7kkfFDQ,0
OedV_QX8aD7MeLqshhWkCQ,1
f8ro-50UiJ70rToRjkpD1Q,1
E4KKFmUsWzgv-pPISdi1BQ,1
mzbQCUmd135tsNW6hY3G6A,0
x_MCZPQ9G-IsDnwkJBceIQ,1
uL1faPt6dsuOxUUE0yXZeA,1
Vn8qcaX64fkl8vByCsSvIg,0
fowXs9zAM0TQhSfSkPeVuw,0
16orLd_wKfdfh4AxTZu_zQ,0
jGldmslgIegQNM5kvb851Q,0
cp39VURFby4A6u9m2It8jg,0
3f9oR4imL5js4nMPvNIauQ,0
FG_GRMLSj68ximzfrr9eWw,0
KcdZ5y6a88nH846sNLeVWA,0
5ErKAS0rHOfU33CYjDh2Aw,1
LuGSxdxaFnSFadpNV6uxZQ,1
OzLBhVzESxUArq0nTxToQw,1
cgNIBHS2mLdbTRiodAT6EQ,1
5CWKlH0uyOUF5EZIyewMXg,0
UBq0EyWQe42H0lrq0PXXqQ,1
3Q7vtF_cdHGyp2JOlKcu-Q,1
Ei1iQVVjhS3REUbmjUg5Fg,1
Zpl8mUrhJJizHHOhbP4bxQ,1
9r5YLKGTdQz_Q29cBifePQ,0
znBnrQNq1FdUt5aIGAbyuQ,1
y6-RZAlmtssiqo0OM7lCUw,1
Vtx0VYkybAd71fzwgaoQ8g,0
KMWwR6M2C4egF_cZWHD0UQ,1
2cIEpsD_mv5zLaAM1B_JZA,2
simnCuMX4OVwIhWaIqL4zA,1
OS-lEge1e3B_uKyA0mhhpg,1
w-KjLZY8Nsv3zsD_qZJo7Q,1
hhaUz_YCmU7OfSR10uJGrQ,1
juzATNnxyBWEdQoDoKrEuw,1
qdA4qiSXjaiuqO4SueH9VA,1
cWBqZThx4RWNzPJbJ_oXOg,0
Yf_mKctDPfMQkig-DavQJw,1
biXLMur413xefp9eTGnUGg,2
mf17PmiZq4mfKWZPdJ6mRQ,0
AOTOKHGbEorQSWr-KVmHZw,1
aSbFdUEvx8ZTPcdMIy4XTA,2
K7Kxz1FX-VLPflPJgqqbGQ,1
oMycF1cQgR1UVkafXfof7A,1
R3UFldNkrGqOsDgD_cw6bA,1
vSWEXsXmJw5ozuF4zqE9ng,1
2ceeU8e3nZjaPfGmLwh4kg,0
U7jOpLoLXYphWFqS6JO8mQ,0
gY6AhCy22G9yFlAGu9vMFQ,0
18TUn9oiW0k0yB6lheiOvw,0
GIG-c0WT3b5f8CdtkyQ9yw,1
qsWxbgQwuomXvMseg23DGg,0
hCtyvahPsEOUb38LKxEQNQ,0
syxUZu1GrJv0LYnV38hMug,1
wZYDAVvEJYHkuNaLMBg_HQ,1
vA9aCw2kTgN8p2SLdm2mDA,2
t-KxQbLl8Y8FKsXmpxOcdw,0
dyd81TK9jY-WLt6UbMFWng,1
0udEgNqy5rLR5pZ4kD19Og,1
h7hr0v3E1ulU2sXNItD5UQ,1
MLcXtnpzygZvQ9BtseLLlw,0
G27f2NAq05CkMaoiXBPY_A,0
2bFBzziB3_yTGYcUerd9nw,-1
u9ovgPfvFLD4dK1PjLglYA,1
Upru5VE0jZ81ZQVVNCK_uA,1
nBh_r_hseU4fM92-tKaivw,0
rswzmPzm264gwu-atRnmQg,1
GoWTsb8sGyJ026a3cbw03Q,1
ekguRa1QybpUaMHqc5vmAw,1
Co-sJv4GNxILkF79ZMLq-Q,1
k-w0uGmiWaBBL8u5Zoa3kQ,1
BM0-dgPJMBMmcmO9PVCJfQ,0
A6OstDz-flrI84-EW8aILg,1
LQ8xiZao4z6hn_l1qy6Jeg,1
AVQMHeyByhkkYEeDbH9HbQ,1
EMGkbiCMfMTflQux-_JY7Q,1
t1XhXY-Vt4K1OPLkuOcsfg,1
wBi8Sz3JKsglrYxXuRxYug,0
dYLlSj_SWwHg1aA3Km061w,-1
kcX2_M5YoM6-SqVKMzPceA,0
13lNc7KSuVHBrUybTR23qw,1
e5gB2kDFaodtxMTa53C29g,1
YnWb8fRudnNkXc-VjrmKGg,1
FjSttKipz44vRwKpPwhh-Q,0
Ca6kYz_8gKkkHSRRdMZfsQ,0
DwU7wQtSs3eftKs3Q-EEjw,1
CVpsw1ojfQBMuasB1nF3zA,0
_BU867oRCLZnDIRmg7S6Wg,1
TzImzfIWkZTnetKl2a4-SQ,0
-_Ke8q969OAwEE_-U0qUjw,1
24qSrF_XOrvaHDBy-gLIQg,0
0bQiWdKxj2EmsGYRVC9qyA,1
ZCzXgj8OOGb5ww_RX4G7kA,1
04Jrd2zSzwHwmBqdKQDmIw,1
Pju_pKfvEnUYV9wMVNsacg,1
SkiQh32UtfsRBj_l7cGwOQ,1
MQjBx1iVmIz6uI9T0DIkKw,1
D0PUyt1EbOJKdLh636hwWw,1
W9NvpbO97Bh0E2vyj-87fg,1
bzXDUQ-5Odzx5WZNoSoANg,0
6NAOp61ozWlO6KCxTlgCkw,1
oiLe3lqMFaZtsSpRuIUChw,0
uJyLh7J5J4_w5OUUYBmx2w,0
po5FyERB4lUZNnBIwnhFlg,1
KXMfiG_2_LALAaGzxt1YbA,1
HU5tHL-Jg4fCvFEP4IX5Aw,0
VO13q-11lh7St1gd7JPI3Q,1
BCG63gh2_YNBEBUNBjk-3A,1
9tSHBEoAhKu-tkU8n6SKjA,0
Qo05fV2xk3_CAd8WdGbz9Q,1
a8yzGF79KcfyRye2R6wt3Q,1
IQaND6HcN6NdtQ8QysO3Fg,0
gZAL617H02f32HmY9kpvKA,1
xmtKVO7C7KYVqMBe2eQq3A,0
C0Oax-LBEFf0mmPSugymEQ,1
xs1LHeJy78u-7taSEnQ2Yw,1
pTBS-RD0_DZwu-Scp0bWwQ,1
MQNJNjLLDfsIrqxG-DBMqQ,1
yTFdhqH9eLzaP05xXQa2rw,0
xdmT9sejRDEyud8YFbEcjg,1
A0tz5rsGfK4BnN70PqLI4A,1
wnszxwtYjL9NHZyHnRDYBA,1
5iNDEyLJswlErDGD4OT6NA,1
oXUceqbZEAKclrIXE-erYw,1
WjT_DJivd3I98FxDgEZpTQ,-1
Yiw1ml0XVBDIQBTLXHNGmQ,1
c7pCjV1jaM1-o6FS0gB9Zg,0
U_aP0IJdn36wYwpiCtQCag,1
EyXFPk2jyuLIHidI7jNsLw,1
rKC8pZU2Ydh2IQkwB75Zww,1
L-uPZxooP_ziXCtRrWi8Pw,1
hVKTsUaaJkOKR9v5BY04_A,0
H1TpKMkMwPaHML5TY9OKlQ,0
TbaAnzOTX2-boTbAp3e8Qw,0
F6w31tLukw6LqiTCPK2Ssg,1
naUFPFYH2CqHtTrV3IAJrQ,0
8aPTQeDYOMNEu907WfflCQ,1
JuBygU4XDjqSeW9okyvbsQ,0
e6Mpww7fKEmnfB4AaCAAyg,-1
m_fi31gTJ1aASUZbS3QioQ,1
9NG_-_pdzfzFTlswEhJ-1g,1
8t80-omyflkywRfu9LPh6g,1
3tk6Syyz5i967Ifuz_4o3w,1
YW9iN8F9b-d-j3xn4edi9A,1
iJPG0GPcIirjOMlmzZWxBQ,1
I2_yeLfTzXHGwi8an0tL4w,0
Xs__MjMd8MWgJWFqnAN11w,1
QMsUey4Xi1VfHkwbI8YxdQ,0
9rELgXY-D-MbH3HuKotcmQ,1
PZv6SPORD9ivj4jwKvGgjQ,1
XA-mMT47rFZNEllPBCYWQQ,0
Im1QR6EiNBE-yHEqtwlZHA,1
g4y3_YqR4jmfCP9K0TzxrQ,1
U2j0ImoVBVYqRvSRVFnMyg,1
xbZo8aMOOobPRzHKqmA88g,0
i1GWM0MKxF3V5jveyCks7A,1
e_riFHMoJ1Yguvr0KtOkDQ,0
F-ZOeAK1v7e5Rt2Mv5rVMw,0
k-KhKfLPjBxjSHppWoUyOA,0
NkTBJP2YOwUAUNzRqR2gJg,1
x737irkRUs8ABGRc2ILLAA,0
4tncsL-je3tcBhg-uppJVQ,1
RgXWA8zXD83KnckFfWOqJw,1
211DetkFdxd8sQ54CMU35A,0
O-Xa9GCFWI65YiBD5Jw_hA,0
trG1k-K6Nq4YKcexa1AGOA,0
41SzC2WJ-RVUpVZ2NJfE-w,1
WtCsHjZVF83TNTieRkFxZw,1
JbJDlfcnYiyZRXeHQcAVjg,1
V3lQtk1LgwAEcF9j-BzchA,1
TXlFbBxNJx5oEjQt0L5mCQ,1
ZXvxDxhNz8XSe59oj2QlZg,1
QiNZaRZ5RmCfYiBgk3ApEQ,0
OsnMkHS9f5NUm6_x3pCBkQ,1
KS2w8ychyieJbUqRa6kCHw,1
-AAig9FG0s8gYE4f8GfowQ,1
ypONG7TOwU7ZTTFc03Zx3w,1
TOYdUCIQzl3HUJnvTPEjAQ,2
yVQiGdxmnrkJDyQXv2maNA,0
CFaRVxsnN4Zjf28cbORKIA,1
ApUCpJ9aa6yVgsde16gYrg,0
VfzUmXIgowYKutptfwR7Aw,1
qw93CjlAZ6a4ff11Z-hF3Q,0
aCwCa7QMycZInFChAGU9pQ,0
3QPwxHWoiwTXscuG7_jecA,0
3sFdzSZPm23b3W-bljumMA,0
Mm8x_jzeLrWlvDEnqhuCBQ,0
ff_QnODW0vqNWZPSTVQTsQ,0
C3JUma5uO3f4zqPJQwRpvA,1
QJ4iodv1xkUYBSZ9y1MWVg,0
lHFsO4nIwwgjC_oQYqfAPg,1
Z5v1F-tAV897ZmM32N0wfQ,0
jf4RUa9EQO37hqxRCxbEXQ,1
gh3n-Lf1udKJlR-gGPK93A,0
o15PeOAUzpcCl8ngk0lMHw,1
Oc-F6O91vOe3T8iOsCBB8Q,1
LNcnrgITSvZkPBdxbbXbbA,2
Xi1AxyoKZ37PGzorOh9Ing,0
6imLt53br7SJ3av07jjH7w,0
s8cHXeSlX_aPI2x49UkCCg,0
Zkl24YXMfpPnMXzjBLp3aQ,0
QzXFdjIbFRGhzL83goPPLA,1
-h1WpfgqAmJcJDqyXXJ2og,0
BRcREoex-p9WLnscUjN2sQ,1
VKNl2-aF4n1x7lPVyU-Mag,0
CO8UjN6WXsDJqo5qJx8nFA,1
YaB2hKgWUaqAWnCA6YWD7g,1
bxpzP73A7gauvxFEyd_8xA,-1
Y-pihdjUgiOrwYHgWd29tg,1
QxpX4slDIOGFEHlPV4mrSw,1
raBq_cc3L7xkVkbIf08BKA,1
TsD1cUoAas0Lv0UtT9-sdQ,1
R6aazv8FB-6BeanY3ag8kw,1
kYQxOeJRFYats6cxVFnILw,1
udmb-UuD3xoueQ55INQFRw,1
DHk8is9rvfnATsW1AudWQg,0
RQWliUrWic_b5FZEj3JThQ,0
txnCvfN26q_k4ICowNpigg,1
kiB6ByG9PYQLHmGpg5SGZw,1
OgwWmZCXjQRa8Qyg0KmMhw,1
snAVeziqOvetlqrHPLJV9A,0
6Y-6Y6sy6qOQHrWI37zR1Q,1
r2S4arkHyRcUroRhggMIoA,0
VEDXuvU1gZy3PqD9q32uwQ,2
IYVGbbABepLZ8j1bvrycLQ,2
RLjA7TBXJfyqDfPuVCcrtQ,1
0kZ4aYmqf5fzTt9Yvz8Kvw,0
DE8UVNCCpOE0vTAbGaMoeQ,1
g38ugtf1IpXPApgA690baw,1
vfLog2bLJGl6hAFtGtr0GQ,1
ApEvXLmsPMWsUVEfPkrmfg,0
hBCxdqHRVs-ZsFp7M3emDg,1
VWcaFOSFcDwmFquycBzFyQ,1
8cL7aJVKTYmLguzXEAS3Lw,0
FxKXpNvGoyLmipYQFDf5aw,-1
w7SrsFV4FL04bhQr-B6-4w,1
au1aqQ0g5pd5UCvVWqAsJw,1
vcfQI3Tq8c5_nBimuwdNtg,1
Cix9as8NXr9Ul0boTJ8k1A,1
u8roVM7HO9Oiah2dNBHXrA,1
Bui7TEFaPwuZtW5QQg2oFQ,1
apCfJVnRyaw6oVUBKujpUQ,1
9VYZA4vEKtT_SXHj-ZK_1Q,1
DcrM4hwDcU2G6vuh2cnaYQ,1
_RkvdDlzEFSRnGMrTRkVYA,1
_F2DNPjsqgkAd50zuX8dYQ,0
kyWbn54rsIlS3vbpDo0qPQ,1
glalhJa7wFWPIoJLBvKGfQ,1
5BnsHDWrt2z-9d8AzSgkjw,1
EdLw8Zx6ruzOVlvrEJsqJw,0
N_zdv9ApM_RIk_80KsNX5g,-1
Ueq8gcirb2rSAUfTlrgXZA,1
f9jludJLwlM4_2zApw7_rw,2
-nHYKkSJuQ7zzFZ1veRfPg,1
Mh85-BDqDHlngT8G2ZnRWg,0
Q-qvDFHD3FCy82KIWoc3tA,1
uEJQSIjWui-TDWXaGlcqyQ,0
Exx5ffvnmk4MrTyCkPRuug,1
0UWfvm0ah-8DVSm3nkbsMg,1
uV09al7PIZ3v5xj1nW60bA,1
cdwHgELA2puX2DNfwSt5EA,0
ZQdSGPdEGXPbCWrmJSNm-Q,2
fF6m3qsD5blnwuZRuYhzWg,0
fRCZktDIBu9-uJ1wOYB3bA,1
iOITnizWLD3NlKxRtZd5AA,1
m-zkVdThpPsJxj3pZ2C7aw,1
Ps6qpHmBDs5LFEOnDTSFVw,0
hBHkHYOk_E-6EgObC6MTdQ,0
W8AYXV_V63ke_p1SE44-Cw,0
Y7aesBLKUPTrQsuzcce-DQ,1
n0bviA6AXJVHb7IP8ui4rA,1
koCfyexzjjF3pZrzijlL3g,2
n7OJsakQko7lxGnbv1C6yg,1
OPKUjv6D5G46Lh2BHP20fA,1
gj9Y6PAos1yD4P7FO8gQWA,0
oSDf6BHiMlKGZdFFmIo6NQ,0
LHzVPddSPzMECho55zCf0Q,0
M0Ulu3PzwBumgOZJL-6KnQ,0
732Z5HGLEEBjAgXxfnuXlQ,1
zp713qNhx8d9KCJJnrw1xA,0
y3Wkggu97xy3WAb4M4jYjg,1
R1ySBCVS2eQf-s0Z4ifIug,1
-_JBgygYYD_UkuD-GVTp6A,1
1OA1jo0GlK9sf68f00w8ZQ,0
-_npP9XdyzILAjtFfX8UAQ,2
38hRKTr67-RnoryoBtapoA,2
GMTEPYvrSCTWwEypmuSZUQ,0
g5csdtYUt97hkexFMCVf-g,0
tbRu-3NR5za1SEZkszcp5Q,1
k-I2IJrEFAikJMqfzXUl8g,0
JMZfcwARQ68n7GGsqmtdaA,0
8o-NLKy_XfbJtqljX9XLCA,1
0hYTkJtgQGu-ysCZnmFZDQ,1
inFMqvEbY1L9afA-pZBeDQ,1
VuFtN8m9nJFge87oAkktUw,1
OoDf3KmK0-8NMJ2C0fb2iA,1
dGcVT0WGenhh8Np76ta6AA,0
dfkmSx2CkO_ORwujV5p5Ag,0
lTcVJXN-auM8CNbhhTytHQ,1
UHkRFDFze9tYfYT_xjn0bQ,1
LYyGQgL60VKdV-p_9OxmWQ,1
BZ5Fqx0dTwZgnLzCcMyJaQ,0
irdy3qeC6_Xu0-VjCLeOmQ,1
T-D-YoUQlttcF9a2ZyOxfA,1
mY3l0hqy2aayUWRjIYpBVA,1
_qTzOkbin2giDOrFsaxm8A,1
vfv0rermjJJkWD50Plo5ig,0
eyjyLrHjTPGuynfv-glYcw,1
ImVx220_Pcp2iB5uworODw,1
NN9dbEZF_c4YNgfWWAEVig,0
3DCjixw25ebL2_sAvNUBUg,2
V3JKAlbjpz90FcM9xBzblQ,1
cB3P1HylsRlEIpWWsRJR5Q,1
sJxTGpYzpN14aG0_pbc0kA,1
T2c6bfzcxAvJ1sEGh1_Vhg,1
7ITniQpQnpzm47FzN6V4EA,0
d7V3ykQHqChv0KtXEanKLw,0
6BN01-NYYiD0FjDG49nIng,1
-DGbZCnfEiHUy-ksKeJ72Q,1
fmuj7u1gflmEjW-h0v9bwg,1
JqAI4UA2xXPYxvlhzG-i9A,1
ljv9jlYXFm_MzI9WmXc8EA,1
-GYx5GAx_-4XEsn7mFwdkA,1
_oQN89kF_d97-cWW0iO8_g,0
kCjR5nLyphuNKnDqRjurXQ,1
Uke8Pq1m918WW0n0_jEmWw,1
L7i9j66ph3Uz5i56OXIICg,0
ghzksdgNztTZA49PqMvPkA,0
53Lq8bak88EtuZyKMmDPmQ,1
08IFR_ruWR96K3Q6sakI_g,1
eTbtfgUtfewdncgVf2CbWw,0
63oKTPacLDyd9D5XwmAlUA,0
CSoURupWEyuyzkjMOExKPg,0
_oBxfuBd2qDEWaYsdvP_dg,1
YECRdaM6wN6eaGOYi5g8uA,1
zoHCkEiIKfXiLTKUqKEojQ,1
7eYbf4F9hNq6BQhUnLrWZw,1
CEs_oJMtLsll3xBM9slBQQ,0
DT6bZgApAKY0JE7McdUTyA,1
-b_VjHZmA7-8LVWp6z36VA,1
wH_kpDuTE6ChDAp5AlMfJA,0
vGI3QO3wDBuQ2fPXVJmL9A,1
IMGW6y8wHQCfr_6k-YXg_A,0
QCTeeNlAXuSUJHb9eXnqpw,2
-S7aL8dVIiXjCdbTZVn8uA,0
i6_gm33IuslEp3JW82vMaQ,1
TCIVUf1frqLehZbaUnuQzQ,0
oMtqDDzpMcFrQwHfeYc1iA,0
bO2rQLEntQLcg675LjEqaA,1
-98noPZy1sH6NndWmdtuDw,1
NTTxZVuSY0sV-YjzE0dR1A,1
4Vai2JNI48yffzQ7CMezBA,1
ikcyah81MTF4ZzOivmPitw,-1
imvNxppzxkLUPH64pQsDQg,1
kN8792XEJfCtpD5GJLmI6g,1
HPixSiN2eEx9cI-z3tQJSQ,1
RqbSeoeqXTwts5pfhw7nJg,1
cInzGnaFZ3EIItvFXl1MvQ,1
JSl9JtunfJVfu9AwtiN1ww,1
UexMw8s7B1J-RtFOQtCCsQ,0
YEr1u28K5nDSJA76o4XKVA,1
hlekz2L2HV8cVSEkgMvuEA,1
VZG8spL8Tqffg9KYbBrDvg,1
kvQ2riK7acx0HGNKRsbang,1
-MgFDby-okrbKLBc-SYWdw,0
-B3bkPTP8jyAs266Dk7VvA,0
2qbajPD8M7PJlWWaHSRR5Q,1
n-XTO7I2o2h06o-vyjtYfg,1
g9jX2oXQr8zrOQgynYnYjQ,0
JRzrqJmsQ5AZ4bMQLUfyHg,1
hebts_NucpamjCG2B9VY5g,0
ZEdaJ8mcMpPiFWgDuSPqeA,0
F3tqTcfKnljJcSyyqN0bbw,1
WidRcJJQT3gb39bDwyRiLg,1
oaakO-X7uOXNxqsxjDSKfg,0
2JZv-P1lDKOPKvefQlYDEQ,1
NYIyTj2AZJpAo7XIM-Z7lw,0
RoXpniL8AtWwnIzvY2XUXw,1
ahKN6wh6z2vZsd8C7AyG5A,0
sbnCG3-CouwIu0jsApfCsQ,1
kDGN_1dlCmIqEoKflTwwdw,1
T6hYDhIZAzPW98_OEbqOSw,1
0CeEgarUoVP2Nq9s1Mn0Aw,1
_-VPCIdtP19HQI7CcsfVTA,1
LOPHo3NyafDN9xPT6K5rZg,1
x3ws2L-TlI-JPcEQjjEC9g,0
_IaAOzGPzq3JIDKuQlAzvQ,1
7opoNCBk1B00claYpFx4ug,1
OeDRfvftWBp3avCfWrQi1g,1
94uwF6nBkIW_j51T1uJRHw,1
pwpl-rxwNRQdgqFz_-qMPg,0
U_CvxSM9epIi8u5A0jOUVw,1
Ia_yw3pa-qjJ6in5dVYHGw,1
NKSA0em3dHSGTyo6Eu-Waw,1
0VyvlA1mZsDoYd3kkRjevA,2
T4xDWJmncwuJ3P2RPczAfQ,2
Yw86Jnab9ixke9xJ5pLhMQ,0
V1nEpIRmEa1768oj_tuxeQ,0
eIxSLxzIlfExI6vgAbn2JA,0
oSKT5oZX1NWYaHwOWL5lag,1
ZPz_yTApvQcNyINEFsCpOw,1
MHPXDXVE_cUYodfPhkadeQ,1
KPoTixdjoJxSqRSEApSAGg,1
fVgrpVyp-nPLTac9YIjTug,0
MItBw-JgGp-1IlpRxzjXWA,1
1vYaGPKQzMebBJXFCGTH2g,1
NOq_vpCfCfYdMRPbaUG53w,1
gqLWBFxOKag8dXwVxEvTrg,0
vprE2C9JU3nL2g-HV7YF_g,2
7McTmo8UxlqUlvDNXcMOWA,0
6GNi9_zkTIHXosttQbKr_A,1
1AMncE6Lxdr6J9PeqZi4nA,1
-6Roo-EHgSdUa4rP3tWyRw,0
n_HvrTuGUgxXJM0yq39-0g,1
MXOdsPTLQPsQK9hUq01DWg,0
EQa5xeZQ7QWMy3kr0AAg5Q,0
_sppJb0durssEnD1fs94mw,1
WM8sy8FjrU3PpxN_NI02ZA,0
s_4YrTTz1OMAa4UQs-wxYQ,1
tk9eG67j-pv6cwucIAYCuA,1
qn_JH7PPnJzwWkiAhadnsA,1
lHWkpPjN8IuVq-Chn5n8PA,1
MRntQraGJZMWtfAhPv_JZA,1
FBNxmgHqP9ksk-56XLJ1eg,0
zTfBa__ldlTdbVgSl5h31Q,1
ymwr8OUokLLxG89gjJ1hjw,1
lleBpckOoHmbQSmO7MWr4A,1
cyeBcWOtZUypZOO-guTdDw,1
lBxBzvqWaiO4pa3YHh2dyQ,0
QpWBVqsrJSXf7blGQEP9WQ,1
LzreyGNkVTYw4JFuSxWstA,1
8TGUK7LD3M-vLWml-jLb0w,1
VEojEXbJ81eiPLSSF9jNEQ,1
Snz1ZQrlcxrYCWe9kD6oEw,-2
qVWR4NHU3NXlEIaCy67g2g,1
nyUdKma0UUQMjqa6BaXVlg,1
xsSnuGCCJD4OgWnOZ0zB4A,0
Y6vZpT6FB7uQftDGf9jaDA,2
NDKkce5Au-o_OhIt5f2ZBg,1
D7uAJToqGk1hQxfZDO5ijg,2
2r8jGeuYvMkyP2ik_X-Bxw,0
YgRCJtt7pGvwlb9Ktumeeg,1
EljtR0HL1PSNjm2CebisoA,1
-KEU36ohRQb19mrbA65Y3Q,1
Gq7CbG8Gw4lGixXKIACB5g,1
VYUfIfAlU1KuYGC6ITRY3A,0
RDsI90jKZOtaC0kbRhw-Gg,1
4waggbCK-MSE9dbIdSMfPA,0
2voFtcyopB3jJHepouMWDQ,0
bU4ZRr07Y6DFayPK3kKFsw,-1
FHyyoYs9hn37NA7cn55VAw,1
ixTr1qXUFGTzyaZUuCDDvg,1
lNlVwSKqaxE7agiGKfCaAQ,0
nzJxNn-tKG7kw_zf7xaYbg,1
aBjWR-Mol58GMsRAdz2Tjw,0
xJ7py1jSvGPhVuxcJZVxKQ,1
LNC-ODRh1mMRhPYQ7xxN5w,1
5DVYPvN0arhY7Ea0PGEtqQ,0
DerMAlq9JZbqMuD0ZwbaSg,1
IZv6MPN3mHS_yr7h5GhYEg,1
Shl6PtJERnowSJSC4IHbYQ,1
VXuvmtDipL_WRwc0NTM3iQ,1
LzNJLEIo4gh-X_rmDkNkNg,0
wJ-JsU531VcSKta0oFh15Q,1
lk-6NXfpSgvNw7zm0xtUVw,1
4rr-CJp0jMKr-kg9wnrTdw,1
GMcqokLizYYEOxAT3J_4_w,1
oB3LAXzg-GgnPbBRUsvxxw,0
J7DYRCtU9Tdtja5c7k1sjQ,0
LR9mX-3mh_PIEeG1A5zqxg,-1
0SQmfh7ppX3HnYx9SxmReA,0
Lx4ZFP6dIMzi7Ib-ljV-ww,0
5VMajxduxfLPSyQkVFKESg,0
gq_lS6RXen3z_SesgIrgXA,-1
SM3EGMqG1MN1kYVGIXLx4Q,1
8Paw2C-StKOx7C5nSYNX1A,1
rr44srj5pxejML-W1Wx0IA,1
nOb5CUmPsVFV9PCKOpgcFw,1
jsjip-f_chgWf9ZnbowKtg,1
LE93qqXLoSQZ777ONaJFMA,1
wftoNIA0Q8nX-Da47psBCA,0
eeFOXbXG7hSQi1ETNeJ1ZQ,1
xkiVHfXb0QsuXp8HRzWWGw,0
_SWb6l-M_ohosfSmet3e1w,0
QQ0VZ1ggQO1aVf_GK6kn5g,1
lhRUPA28pRIN1MnllN-o9g,0
nI1reikhvzQKyXojeUCPqg,1
250I2C80JTgVwE23IPylHQ,1
VbwGZIA08Ss4yid01G6xAw,1
hNVcBhJSD5HyLKMf_Z7TaA,0
ESAm7dJIeS9CdWkgYASk8g,1
EeQlS9VLlfWT25-MeYsJTg,1
-EctXOb3B7T177jGYUhjVA,0
IRUsIQSgjkk7Ah5RBsIfJg,1
AgJbkqR-wre409if4fTbWQ,1
PCxmo-5YJTa6gOfhP4Cttg,1
rKbYn0Nssuc4S_9nq0gcHA,0
UxiSHVZxMdey7vRwm1fQyA,0
AbRloGhpPBGbGB7Zc1V8hQ,0
po1OSW9_GixIpeoCBHqb7w,0
CVos739DJ06t8-dNiRMyeQ,1
GHY7UYRnMhZnQ1FSIH20wg,1
NcAI7SE1SNlrOEfFg9Wzuw,1
3QhPvyen9kSiAxduT8g3bQ,1
6mAwrhtRksb5jxsJURtmxA,1
S8duZhuPOTFc2RbADd9xzg,1
8H1DwdAAgSBtwDeb2R-hmA,1
9DsXB8T3UwBYiLPiLJJuNQ,0
VpSiOW1PapVmZyyRBK_GBQ,1
L8STRioAgDx-_FRFuuUU2Q,1
x3R9cU8RCFhxQdL1SPNhZw,0
jDyn5GnMiWllhB7qDpzltw,1
dp0unqYxrYzvfaMVVmk6mw,1
446KvdN175pZ8nc64QB51w,1
Nu0_tUBN6R9Oc-YsLVFNJg,0
wCi6nBXnXf5PAHqJZP9dqA,1
XZWUW6-vxePuIEwRPgSl2w,1
3EEVGDngt4DEhoOQZIUNUw,1
Tn2AwkyK9T-N7D9lZFAVpw,0
ZdQbDVZWDsO-d7q2qW8E3A,1
9CpMvT22YbeMatwPAL6gRA,0
PX3e3qtBx_5VC3vqq47jpQ,0
rIonUa02zMz_ki8eF-Adug,1
5hFnyiEboorArk7cbCYeXQ,1
0QHBb-nEi1ZX7ciSUweL0w,1
i213sY5rhkfCO8cD-FPr1A,1
JaNp5Cp-Bz3D5nMuzqpAAQ,1
93hdmjYc8IXsf69VrkRHog,1
BAbYfKQaQImLil6xqaOFyA,0
L-bpJXpA5875dLb7A4wh6A,0
n2obEkXP7e3QCNkYXcO3Cg,1
YxIBMBPPvlhfNNIp7l4K5w,1
jawQZtL6i6wNYcD9pftGEg,0
3QtWG5sN3HJNBVKn_wHQEw,1
E2BMYajnI3USNpABFdBn6Q,1
jz4IgrlqlbKv2ttcVwHZ2A,1
Z-NqgB1w0VpkwYpuO64rnw,2
QxEUzbLfCTXF6gHWJegWgw,1
LGkmUbymiNBzX99MxVAV4g,0
1HNEj6kcEw369RX9Vlcixw,1
OBUbR8vRZ7RmotiwvBlVDg,0
Ncb_n30Bn-gfl7WeYPXq2w,1
H91jZ9BiQZZ4_7OlEd6eQg,1
owmcrAOmaJeB8O6UQlhgNw,0
vtQOervVVTXjhvSZQiZ6PA,1
F6dJ7kUEZ5AbvJ0aCL58EA,1
h762dZ33uhSKtLZ-21u6Jg,1
mTc8M-drs2HSG8paNUTTQg,1
e58rZRC4TSmKnMr7aAIJlw,1
q9_N4b26UhGAYicjueUinQ,0
8v1MWkAeU3nEuqGd27jZeQ,0
rbiRLiFTG098z9JaK3Nshw,0
3PtV3ZbySJ6AcMKZJ4yX3Q,0
e8bElXSntEcwQdq9ZG-rQQ,0
jVgtPnzXvZQOCCIUPEBktA,1
rQ4z0EStSZE4acgkne6Hmg,0
Oq3JpmsRsNVKbwKScAP-nw,1
JEreQgso7MH_Io3DXGsEOw,1
FeI75xIG8PF_XZ6P80gLBQ,0
uZPVyXLyC26VaJRAZwYmrQ,0
5YAcdfhksYspetBRU2cxKA,1
c0_xuxaKn6ZN20et9jpNFg,1
o2vKya6WSNcMNTxAcJsF1g,1
Pectv4bzzUVs0FQ6HQjW8g,1
TVJT7Xknd-ikf4vskcjKQw,1
iins67bZVJeDrjiOTZh8DQ,1
mUVTlJSil_xyjPD6qMx8UA,1
PEHJjxdw11TGFma9Zhz3ng,1
scVOmQsf5HSY3n9CG06tFA,1
qENpyFhiBVWNz86SHRC-tQ,1
0YCV8260mMgN0PxuzAtO3g,1
nPBL1vwQprNvdlWLS8icRg,1
6Sc8im9TcN8-sf8YH_OrAQ,1
duHUQFn7K-Ybs1rPI4AOEQ,0
suivIX2e8mQKGvbMvbcm2Q,0
JGTPb06Ix_v7uq3HADzq8w,1
pLCRUdm0YGfRL3lR9PSkcA,1
IRxBQfA7FdHhzrPjtBxuuw,1
tiWLO7EGmOGO7XIE_lESiA,0
5BXNeSwzOy1nhU9PtCHvIw,1
4_czyqhmKzymIHlKxcFJ3g,1
bciNuOPRtP2Kc98EhsqSpQ,1
38ei9EOHa9WP6iIHOUlHSQ,1
nF6BEm0IBxvl3XumZ91dbw,0
0CG3ns3gwWV5nOnfzSfUIQ,0
3GpihkrWZOmu1a5k1EfA6g,1
FKHv7FkblONv9qqBndJUrg,0
KvBlmS1_tUbhA5zG1_B2ng,-1
Q1cSwGiy-RU9XXf9T7HqRw,1
kaIue7GRCmkPzDeHDBTttQ,1
Vzq74f0YrT0IbWBPkbUp_g,1
O9n4xeNjugFIYZtvj7wlbw,1
7a8nSGq152yAkKVKmsqpng,0
4pC4jMoanLySaOgGRwyXLQ,1
GHFfUWLpMGT80i36qMzgPw,1
wyxsEFTGC1MuadT2SpTE3g,1
L7UxfZyS_-jFOxRwG0SZWw,0
eONS7DP6U9BV3lkqGAUbOg,1
Nz_AasmpsQ8MLSqhCTRVoA,0
8qrICL2tS2Rq7b5gxUdQwQ,1
vU4gIa-uid3K_Oc9dZiclQ,1
e5L-JXyBTyqT33PRIigj_w,1
D3e0Caowj_1X4o6C9hzN1w,1
7Fk9LIRvalyMkeHNea3u2g,1
RIgrLi3Jvz8lwAi04Fi8CA,1
lAGDe38li38fyf971CslFg,1
H4N1vgxdPKozOqpW-5qI2w,1
Q5diW79GD0MSJ10j1HCf8Q,1
O210DMndcpDAkLDBmAtv-A,-1
-yzl8Zm-MmSqx31VN7vB0Q,1
AWLrBBkovnoJxhOglCygXw,0
5fqbCefPHwNrCzuxnhCHgg,0
uKSX1n1RoAzGq4bV8GPHVg,0
U8VA-RW6LYOhxR-Ygi6eDw,1
6qC2ATU4rVRRTKI-SScQOQ,0
AIN4FSq5ZM4Il5BzXzMNXg,0
a4o4Y8GXH7wRKXOkPP_6TA,1
YSQnaRE4Le6CaonZICFyVQ,0
cN6aBxe2mQvrQlzk26LyRQ,0
LBV5CSdz7QcoOl46QInsvw,0
f_re4xw6zXn2DAbcChF-AQ,1
-xBv8p9jzOkMyGlY07FMTA,0
PBcsBfduHaCBVLsgVvAkJQ,1
DDnmNTvIIQu2t3WZ2EQx-w,0
j7_lgtKqdtNCzf-Jk9jyrA,0
IpnoWCb5LOwIWwEOCC45VA,0
uG5yrHPZkgP1dlSnmcM8lA,1
nvuw2UgZV-Y-WEmHOaLRkg,1
c1yGkETheht_1vjda7G5sA,0
RWTE0VWMs6i-JIaBRc9JZw,1
De7XFhoUwOuAsc0lxN0VyA,-1
lq2iZK7epi23byzcejjqTg,0
K5kU2IN6mXvMo-Cx0oQFZg,1
XI-_Y2XRw03mozGx0Z90Gw,1
m14pIWedGiHi9_aWAIXEew,1
rF5uvk0-2_N60UxJ1NRl0g,1
G5SASWuL_CVxpgwXXGC4DA,0
wIhkHMYjsN-rUpk-qQkG2w,1
uEgmZTgC6yzgf3kxW6PECA,1
UxMnY3Dxafucv5cXHyfBSA,1
D8nE0MdSghHRui75vIP-pA,1
6MiHb8z9MilnCafsyxuZAg,1
KTF-E3NfkJy2wiwcgOPyVQ,0
sh1-BzB29lIOA2qQ_PxN-A,0
fmpEjlZhFlMHaGmsKJlUTg,2
3Tqe27RNm_KK9Zdhg3YxCg,1
km3g-wDO2KfhfnTvJrLJig,1
gfSNqTICrdeewK8XINGSaA,1
Wg_mT_9_tLbsLfzTtnOBqA,1
FWmqypG5gMZ-fYUGvpSSng,0
7_fkHRNNHSFVP0pQCWm4yQ,0
oTbX18g48jcf9h-max38oQ,1
AhtFMpvKSD__VAow6k_QFA,1
5G_oPzPhlTJ1zMmqywWOUw,1
YL_EiYALmGUd1lm5HZgL3w,1
6nfTUgP3UvQ_jhnT8kCpew,1
jgbEZzERVI4yvAAtXWW93A,0
3u7-xGwUKyGHkSexwBd9Wg,1
Bp9DYjh3_PnDOOG65SWRsQ,1
29hR24tcAM3JZaXfA5xCxQ,1
7onAEqbbZChyYdB2nJoQdg,1
1XXGV_HvIHLC2C1mJUFv0Q,0
pfTvVee_dAieMqoeomVtTg,1
-tNKk-eCLk_acdp4vEYcpw,1
-O7H5LhBkE13VQZB0QZI0Q,0
y0weNFCIJF9bTgBbFST86A,0
RmsLprV97Sj0BJgbH5TWOQ,1
Lnohr9bpCbHNsomazXDg-w,0
m9AeGCo-UFmdtFAfJiPjOw,1
LmVcYycG_VI3S6RNgqiriw,1
enbTOcl7WNgsjsAtmhvDRA,0
Er20nsiOS6TFHmAE717iTA,0
GaeokhqmZYuPr7i1EZtnHA,1
iQINCjBo7FtsLSHiZw2nQg,0
adPVJMkRrS8_3VHQKw5-qw,0
Gq092IH6eZqhAXwtXcwc6A,0
O1TYO5fjsdBrRWascbR2QQ,0
xWzKjBBAGxq-nbXzTYikyw,1
3PoVeyK0Q6PAoZVHu9GCQA,0
iZR96moKSAWYROyL5-qeuQ,1
v_QJZo85rZ6tQXHok1RvUw,1
0_vMnSRqc5aZUg1eBk3l2g,1
E_wJCQ9L_0w5tJyrvr0lJQ,1
N13sN1m2zZNJDgRBlP8RYA,1
JrEQyiUegkF3pXNCfpy0mw,1
SgrTBaqSqaQVFKgYGseIPw,1
cN4gmlntyQ-maTW4PdT-Kw,0
Cp5_NSJFNgylD5SUdmT8nQ,1
-9iYGbkqom5fpj4iiLjsrA,1
O02yhnk20alGOBw0HcmHGw,1
jq_YnMQjcArdBWuwRospFg,1
U_EOMkAZp3-dqz2CdfB2AQ,1
-4BtfPW3_v092G8pqHrv4w,1
FV0BkoGOd3Yu_eJnXY15ZA,1
G05ZBbJG1anbt7sOE4GjgA,1
KKNaAQNJmJI6bKxycsuSZw,0
rcACoPoSovDJPx5hpeR5Dg,0
mqQwChPNN4o4DhAzaGntIA,0
byhwHi0lhYdyY5kSpuqoaQ,1
fb9eLHJ4S--TyXsarJJo-g,0
nxrzfONnyMBhepzHpaFmRQ,1
7Jmri1RCl9Ksmpi5EoIOZQ,1
AH2pJa2nfvxXkfFP1P-waw,0
NiYl4WSOKu387JuHixm6_A,1
RJJB5uppjvpLzC2gOjjbqA,1
CH116u4TyXGaTaKFnliASA,1
chkX3vXf08xd3kbqu0QfIw,2
N_6bV3c3JagKW7sD3X9ldA,1
LpsZQFtgBLkshxW2Y0AmEw,1
QiBNnRkMZ5chmo_9eOzv5A,0
aVBebzA7D9DpQ-JbiCxQNg,2
Zy2vca7i9QFGRKa4m0C__A,0
IVc23uY-36WUNYoIbz42Fg,0
u-nMW__EKMYH_PVqacYc3Q,1
WjOz_BVfAkunjIA2yTthyg,1
GRVod03GfpFD5Kk_5jmsog,2
ZJxs1L4oMhX9GW00ty0aAg,0
HLQ2dpyfLcva120pCSLvfA,1
kaKcAIlXn9l89pT2evMr4Q,-1
vujjKuD4Vls4xKLe5MJ63Q,0
ix0DXMpqXzT1JBDfeYuvEA,0
NtmLlKfCFfM0K5j6WWKxQA,1
T4ox3wUzFjWvyrjaTRoBbA,1
yJMLD-6AggZNdC-GonVBsA,0
uTW9SVXqxgjbnCTlEf9ONw,1
cfy-C6XNFt-F-dCQfK7EDQ,1
NNKTWmKBEQlMu6t-K8cYPw,2
JImJictLIE48_O1z-l2TGw,1
v-d8Fvd77bOLCysXCb21Cw,-1
diL_xjhgiG607ux1nC0xaA,1
-yxfBYGB6SEqszmxJxd97A,1
xI0UZH734lJtm39DbLf-Bw,0
1xu5wFd0TeBg6xNBiRtknw,0
oAxR0TJhPHMrN_hjQWBWMA,1
UrnRSzly4onGLUzZQrbT0A,1
NhdIZvpM11d720SskLvRpA,1
zAoFrUwRVdSrvYWNB5e5Jw,0
EKVrH21lOIRrXdLf-Dt5RQ,0
17DI33J8TkcfzyoiIYLQIw,1
KYbkCDAxScIuknxsp67oUw,1
vA9dAPd9fQt_3HqZylKfVA,1
E28ht8IEiO6FZbKktSo0Xw,0
zfY68t7nVihCwiCsCgM6cw,1
nqpUjsD-nUIQCrr15B9W-g,1
v1ocqAm5soWTNPttLQhSZw,1
N80E9zoWEpHhi4kH2eKAsw,0
adEJYiysRmK8eDqnHP9N6A,1
ySOaDRUXr8ilrWAdjuKAyw,1
-1bOb2izeJBZjHC7NWxiPA,0
L-GfuOmn9mv55571uXvf2A,1
wNsmt1hF1uv3YvbwXZMAoQ,1
RXcEHoXaNYDVbXaIYeTYIw,1
ihMUU9D2mcgrp7fi8lmqJg,0
d9JDpGG6Rowq7L4FWBI86A,2
SRaXY_h-PnoVkNamuGzAdQ,1
dbMKVb_0pwptu3tdgFrWjQ,1
9N7E_6xGBmVZ6IETuTg03w,1
WQc22qucCCtOytbx5CHqbw,1
TAlmdEr0RNWZh9IiUS_BLA,1
7VLW-cIDaiO4Dx8gXYkZcg,1
_FXql6eVhbM923RdCi94SA,0
Um7H0mNmEKIUVRSogJklwg,0
MkDTaYABHF2chHTIjCirBA,1
E4b5OC_6mZ0V7B6Nyjncsg,1
4meJyPOhuAKzywUJTmu2hw,1
corPOxxIBRJ7DSpryYvorw,0
gFGldPLVQdqbHQodU5TeUw,1
W5tBa2Bvs2fCXQuM40REAA,0
G_2CWsU7GYwhNqptrLXUBg,1
Adjy6wjncsbWpRMo5-FlbQ,0
5fRoYdCOYdPMIUyJXNYd8A,1
BWHWlMbbfW2uuuZpmkWItg,1
-5rFC4EVrT-v8g1PSEf6Xg,1
SAS7V55TcgZSTJ21ZnXqmQ,1
d2AeNB4xw67E1Bzpo1Pm7Q,1
2D7amHyeakOVlsSywblMkw,1
7Vqrh77SOYwZ3_AOK-TTiQ,2
kdtreSdAr4WoKAl0M3QykA,1
VhraACjnyT90dKMCtxdl1A,0
UUssRgBCO_riWg3chbv9Zg,0
vARjqeIkSNsazHltujiq4Q,0
nlFlIeziD-4nNUF2B337Yw,1
-vaGR2CXNS4NZrMdctSkGA,1
4lTeUypyxHZCMVZjcREr4Q,0
A5PD0oy5R1TpIo8JtY3f3A,1
ziaSXim-Om_a62V7X0GSpQ,1
eHcQzL5eebqvKrLW5q283w,0
9-cRrGH5WmZKQ_O6LtfSbw,1
R8VwdLyvsp9iybNqRvm94g,0
2P_hn2-tMwx4ea7kljn8nQ,1
Szc6Wvt1i8VqSAOb2-7BAQ,1
c0-q98sX3AEsiYKSVIukyQ,0
-gefwOTDqW9HWGDvWBPSMQ,0
BV8_BpJaWpU_HjjLiYZX-Q,1
N7oUi6aM01UlvrsIcTSqmg,1
xfdLOxCQLcPF8dGNMOCGXg,1
qNoNkF1yJctEs3t40VkX4w,0
e5kc0CQ4R-PCCDgb274gSg,0
i8DkHnUxJwPBd7e50FHUpw,1
BLQoL7ftkE3c2VagJM76dA,1
zQC9irYDfgiV3DiIiekx7g,1
JOWKc4zjacAnINGmKNhlPA,1
zonV2F6YNVn2_sI5dK82eg,1
GQck1WKEOYjgQReVLeCTHQ,1
m-3kIelwdkCO1F5G6vnENg,1
v1H45TVGiORapYHQyGdoFw,1
rfAifR-peeyLh3-deq-G4A,1
W1yep4yDSoLbDFIL4Avz5w,1
wct7rZKyZqZftzmAU-vhWQ,1
oXKPSI-RUqOvmuSCh_DEQQ,1
eK6KGMKqU_4nB9RdayZD7Q,1
Lk-FP6yxYRTcU52SaTx2EA,1
z_lQV_RTpGGPiBunLeR6QQ,1
Ddsln32r-uA7hq_0ksaNZA,0
cxkzJcPI7KOANWYZM5AcWQ,1
En4UyDiGgmQuWq__50RAgA,1
tdlSjsWl9PYEUBhDXkIvXQ,1
rB1CNenQbYtQ0D6sqoJe3A,1
MY0_6BAzQCu4sqXqwNEFfg,0
TqVjy0dxvNh51BF9KePCoQ,1
SkNUbFJiJtbZjY-S_S0u7g,1
hOTcQdhky7J2v0Phb2Ol4g,1
qRBeZAFiId0ainBtpFSGuQ,0
3wkQh4bxR0Ao6rK21UIBXA,1
A94NOSOZX65y6LMpLSIcFA,1
fPExBO1aXA5c4uwlHFyx2Q,1
IUFi5rcfmu_Bn6PkdozbBg,0
nXKwzVKJCtIGd4HxXgjdnQ,1
f9xITzdfPbqQUoBxmSNymQ,0
TMq92PhrL-tQS3qOsNIXUA,0
IqRNPvXvbUbxvfgC6cj6gg,0
8IKkVbylBYRruaYjFPXqtg,1
pmeuHPOyP2bDq43ASY7e0A,0
3JwsrgkmQCEuz17WOB62eQ,1
OVGVoTpvHGL3GgtXtzHMBg,0
DScAYRPPKaqt1NBkCbibHg,0
zht8__JJoxkozBhf_vuKYg,1
MfCS8VeJzf9QbxNImekuMA,1
s0klhdxcAab0yEWw2Uuimw,1
eGevCRobYnA_HSj60sEWvQ,1
YLeyLOQPUtadlOfVL4Bviw,1
uNEyBobEVrXJG6rbS00QeQ,1
tV97OH1LK00kUcX0Jig-sQ,1
wUDYfHKBlvFDfwOO2NeHeA,1
W_eIRGtOlGzZDrWD2xs-Qg,1
x6SFC7qtuuyI94SH7e-GwA,1
BcRb2bBN9pGdV8Ef5-dKUA,1
qSLdUiI2edATC3KBT2zf4Q,1
4A628qyYpA4EhN6w6o-MYQ,1
wTiQXYB9fE9rcSZDsZgbtQ,0
rbYgGdjGneC40e8w9IYP_w,-1
qkbloHdDZuHf_0wTqUGPjQ,0
WDes-WBEz0xa9ar8nMTvuw,1
qXNDOT15YefmozPnrbZJGg,1
nH4CEJwrRXPxhfdL2pz3MA,1
KUdd-TYkyPbxSJkMQ3FCJQ,1
UjaR5QhlqlRIGMtlC78n3g,1
boxO5rTwArJqyjOQyBYxcg,1
-aDuOZelvBHWKh-NrXooow,0
6q1-3EtHXk2bFyANIxA11g,1
Z_AF7hMunongLQ0XZPNaRg,1
4ieuLil-D58FBU1DVd_xGA,0
ilJiRYZgxjrEu2iexKu-pQ,0
cT_rocMh92B9t62Disp6gA,0
LkPOyUOLFDKcQN7j7es3qg,1
dipzJ5BExpm6BtJ91mXd4Q,1
g5e_c53sGt5Z85uGyC4WsQ,1
o4sPw8nO7GcNyKilWBgK_Q,1
RGDyf8-PyzyS9Lzs9bkvgA,1
a59rHQbp7YyEdI0nuKIVrg,1
8KXIh45r0PO4C_eJffmNNA,0
uECIvsUWlDWSiJ9jAfH_kQ,0
1CNKe3H07sLu6rigOpAYsg,0
2lGaj8WVLetIWsK8B729mw,0
PuHucejs4LG3hSXnrwi9-g,1
ishjLG3Sc94ZOelXZZhaIw,0
sH17KGxbMVrlr66n92Qh8g,1
ElqD819zpmOryvsLuzv-Mw,1
XbVqzUHS3c9FhG4lI13c3Q,0
6cy2C9aBXUwkrh4bY1DApw,1
zMa6YoEekpABg1HZnnTZdg,0
AhVAj8F7jjMJcqKD30XwMw,0
nfeIPaPNPC3awILVzLMg6Q,1
pA0Z8FbnfsoRmHe1ULqHeQ,-1
9AbyBqGWHYZC73GlyAuTrQ,0
Uypstpws9BmDRT7mEMaXVQ,0
6qCDfZ0VAX9-O6X5ZFpXrQ,1
FGqtJzwIPB_FeCnzxaQ0Tw,1
bE_0Ma3nEBd9sjcZKlRLKQ,0
z-5F-tlpAUci4obI3Gl2ow,-1
7Z_VmjR74f2Wf-hTBPDF3g,1
N9RfriA_Jt9qk_yxuKlzmQ,1
Q0tWheeEldwr0OKHTHB79g,-1
sMO71vGV8wkKujOle3-v7g,0
r4AG1WXCRWkZKQctrcy9FA,1
EjWi22gAE_cYpGs7lBPahQ,1
wy_R4crNr1BH0CP87y9UHQ,1
HHFjjljqoH5qs7Cy1i9R4A,1
qZEYgONHPn3B-ZobPSaONA,0
ilAHA82RvrT2p04qYh1LWw,1
9beCQ1vPk4cFSJp8Sb5-8Q,0
UJBSI5HydQgUhlTkC8ODDw,1
X6mWr96ibKdXQSA6mpH90g,0
cOUS79i4vltKIc_hy4OZBg,1
507GX11jtCsVYlzaur05_w,1
Pq91OM8RI_Rcr6PpXQajsw,1
3n6fuacXHobOr16Ks2t2LQ,0
_ZyFytyHTuYJoZgwj7yitQ,1
rrWhi2TL0smrbihvavZxcg,1
5KaAFyRd4JmBBSk6pZzNNQ,1
4sW8Z6NLXLRkruSKSKUEUw,0
nS9Dgj0a5o4Et80jFXBlrw,1
T6dbW2UuWTKar_22zbbiUw,1
7U8TYNW4Mvx6m3zexsO0sg,1
lvM9OzZaZWo1gC8Mwcthjw,1
Bjt3rB73dvSDe1XEPEWc6w,0
IK96VREFllaz3sj65ZmkYQ,0
Y-PnvV-q4HYLIy19ubVmXQ,0
nR-eHqmxjmrS6FwU3jBbSw,1
DRekXCjdmPESqDpwaQ0x2w,1
S8R5c7-plWe3NtmijYAJvg,0
3yMneVFhBePIBtCGdboc7Q,1
NH67MdKaFGNcP-dlu56pyw,1
zpDJ3kZohKJWKsT3O8yi0A,1
es5oJtSvYWy9NxILlARMSg,1
PdTyucLF2U9rO3aN39m-eg,1
IVBp-lRZMliHsS2q0c8ZEA,0
b5cEoKR8iQliq-yT2_O0LQ,0
aLZoFhOmDtonrWJzUzh8TA,1
0lEp4vISRmOXa8Xz2pWhbw,1
xL7H-eMQDE-y23VL7MpLsA,1
GHYOl_cnERMOhkCK_mGAlA,0
hF0p0dYtDqOfDyKTVUeGZA,0
RQe1UP_PZ0vdmg9oCYFKqQ,1
bxEd1ust_wI0Br-HLnEy0Q,1
co_6LeIptstZXrYlTrvQyw,1
jQST5lkLGX9L52-A10TGTQ,1
Dz7swOgFook-L89Y_M-aQA,0
jj-K19oswZARMwCQK-b37A,0
UxvOXcoCRFRAVhRB0D9imw,1
RKOS92ptLgEU3BUNMtDHrw,1
qsmCTI0O_Nydfjk7PZYBCw,1
6nseTZb6WrGWcithRThfag,0
_YswYrpv6YdO3R3CP8R8oQ,0
7V4ppqjixjQ0S4CYaBs82g,1
c5awK9N87I8DiEvVrNDEMg,1
jN2NAKO5Rn5IT8udZ0imdg,1
-JpZiiGPKOuCEiODGNyovw,0
M4w8vTC5D_1l4xv9ejB_4g,1
sI-2c9HZ0RjZX1OU-5DW0A,0
68euKezXqyvsE49cIGdL2A,1
Zv5doxmclMPbvw2XKF6OOg,0
3x3tJ8lGU1Y4wLqfHtqU1A,1
IhgKK2aoVjLihwriDQLS9g,1
CycfCC0OLvTjG3Eks8D1og,1
QeQQon7GReMtjQiqKgln_w,1
cBpJIOrVXotDI0XAZH_k0g,0
Shn1EcWqqjRlDp-92D43gA,1
S85y5Iv3LlVsy2sjqHdGhg,1
ObnZiF99lqggVasgyGBtVA,1
9HA1pB2y-pK4QtGdngBqhw,1
hETWXaasUEnNug2tkX97XA,1
RMzvWjF3K6GSnwBdRl-_ow,0
zZmhEpiVpRfFQid87-pcOQ,1
IkSF5GEHcl7DePGlXksl5A,1
KUXjxPnSQ-5r23IfMzs3ow,1
Hgl5RjvLS_Yc8cqdw9uaOA,1
dEc_kx85KU4Gz1B3meuqlQ,1
1_43FZHx3P5D7X-CpIR9WA,1
gaX1rGPdv9eyPra0cYsYZA,0
xDC-INBKuwl8PowsJ-02Qg,1
QxHM7gQ7RcRHjnmr63xQnQ,1
pSiR8m18iick2D7TFdmb-Q,2
rpKxIm3WQxuTcDzcoplQZQ,1
vfzUNcV9B3RhDyuZp0I1pQ,1
rK9wysMZ3nh6b6dxiG-l_Q,0
SGwnJIFKGQcYzE2c3ebs8A,1
2zJbG645xRdTfAprhaVQTQ,1
tfxveeZkRB1N5o23jLrSxg,1
exODno12y5GRj0DRzob2Eg,1
JFqf-f4qQ07S_M_EQRO7VQ,1
wlgcuh3b49oRfVe2LQYTRA,1
cwyAZ52cV60e-NiF-jWCMQ,1
puy0PzIcCgR3KWJI7llBFQ,1
iJVZqAGZok2JNID_zGjFpQ,0
aRkYtXfmEKYG-eTDf_qUsw,0
CdWrHBOvTZ6i0Z37iFaV3g,1
4oBF6f3NiCYF5VYd8WaELw,0
9ucO4e2ZQeeXANqMZT67GQ,0
LZkb5x83wps0FJ838vKc5w,1
l6akDtf-QcEiApI40-0xSw,-1
s6zzKc7UvwDRxn-BFlhiTg,0
r3FHkf6lbmMUh3oPSrlIvw,1
PjBeWzCOCveiPuF-xqUaoQ,1
uS2T2BMt7_EE7mhM3m3I7w,1
dnBtxFbV4qHXqntYGDUDxQ,1
Cota2ttLUjoKhFU6ukYqSA,1
qecLHHzAwgkkeA1bG81vmw,1
ZAgPh4v-oOb1g6cdlkKI0g,1
d-YNxMKL6ZhkiRhfUPxKHg,1
fsL04IyN2sIMEU9kNQPJHQ,0
FtpMkJJ9Vq5cVmP3EsekBA,1
JM6X0PJBcMkAjOuZqMaZsQ,1
bdGLua8IsX1YxRLqtDLixA,1
VsrvWdZL2993olnW3z8R3A,0
HghAgkxoEpUNZNQbAY485A,1
9yKzy9PApeiPPOUJEtnvkg,0
9VZ_imQjvgtpt3k6W6AQ_A,0
AbS4rMXc19XJJcXVZDhy7w,0
A8Khz3eeqIFFGaXurg3hxw,0
58P3oSd8P2QNzHrQmRqQZw,0
3b97WGfUe9KX1697B0JKbQ,1
nY3RKF41-pT0Ha0WUlQQ6A,1
IdnYOlL9aDfMu_S2kcaUkQ,1
rjm5zAnCJ8Cxg0wb1CxtMg,2
3vKhV2ELR2hmwlnoNqYWaA,1
yeLq-452CkaKw1ynn0nRNw,0
PpBig3Nf7kMf5aC0HmOX1A,-1
u6zEuzi4S0AtJBtKGZPxhQ,0
f7Xe9Xzoafhi_EY4xwEpSw,0
EkPUckueKj5IMVGb6MguVA,2
m3O2EFVs3eo8s40MGGzmsA,0
7K3xiP-5sj_x3QWHlIFFxQ,0
jBb5KHHAj4s8hcXVS6QXDg,1
5eZd9ni35mZlU6n4gocZfA,1
-dy88UgxJPIAkgVPkoNU-w,1
x-e52Wf_-w7VYf24bdRCXA,1
UScgPn6pIHuOmQJTsZQIOg,0
NQZVwiPQ6k1JkPAqPlXL5w,1
d4-PiJfqs-_ChKyWuoa0_Q,1
gbj6dSr3NPtUABkpzztsew,2
6G-Sw9_Ze0ojNiYh2bYfqg,1
8gzwqbiqJ6126_myoDchGw,1
NDHhzgMrTzr_38md_R5WKw,0
cc9KFNrcY9gA7t9D1a3FpA,1
aPdDcFXPsWVxBhaXuZcDpw,1
vM00Chr2WiS0lKtOudEVag,0
z6V7Mb0fjHo_JT3l7dCKsA,1
Gwz2qprfIx2S9jytTk7VsQ,1
HDvCnqIf5twbMb5-eG1EJw,0
XZHlTIIuFkkv_zJzShV34g,1
UmhTiNOKareQDP7D9aAnKw,0
8dEJ_o0UgGrNX1ejHcuZjA,1
2SQdfLM19ZHlIkQefT749w,0
d-_ZMeph2MIsCOEhKCkTbA,0
7J9er8d9BrRJ3odyh5D12w,1
kgPjOtSeMd3CMdbnEmHbeQ,0
CwKyfU1JQRd3rHSYORG3hw,1
8t1wJJ1iGsIFbNzPlwCMVA,1
8kunNClZ1AD0Rj5bDiFdrQ,1
1Q1hrAxT2X3lgxDLBOLEQA,1
b9svM7RoDUAVnzjFBmf3Ow,0
eQX9DwovKIwB5FncvOMhMQ,1
nENrnY-3ILrH9yPXV4tqmg,0
tr4L9VWmPGZtdBD-L2Pofw,0
iKIyUViQL_lY0TEw3iUKQw,1
y_12jVZHeicMKgmPEcUZcw,0
IfVtLuSVr9hStyGoL1UXDA,1
ufKmcpK6OTaWzeBGWNOa8A,1
GlfwqH2dY3MKxrRirKeueg,1
JobP0ghILdh8S8l-LhHHxQ,1
cfRrO0P-L7o6UWL81pmxCA,1
iNT6pcUugoXsDlZgRTyhtw,1
HibY2EcXQhd4_JK_E_RX-Q,0
WxpCYziMlEy8mrEa_VcB1w,1
t54zAs7IftAVb9SKcCRotw,1
NTgVdfRLbU0aKJH_9h3VCw,1
X_J65cnN3jJWGYacyNwKGg,1
ZlmZKy8IYfExSP33WJflwQ,1
69c7z9ySnlqV87tITDGENA,1
SIq0jbz3oHHAsxwltaO7Lg,1
0EBR4wDqtkbMC-wghpctEg,1
SAEr_2rJLNFr3aPv0DlSWg,1
HBzv6vjTkeM-s_UIFCg2gg,0
CV4DDFG6tII-ehzaWPXK4g,0
KVYSUfN89b-nih-_9HhF6g,0
WHd8fLeMeWKUK6sPyeB-UA,1
L9UYbtAUOcfTgZFimehlXw,0
VWJqohlU4cXYIpNwYQY-wg,1
q1nDSpmV-FdTBNj6UuZvTg,0
JWql064OkrDDbRjJ-bjulw,0
-dunP-FvJHpQmx5qt5Qoqg,0
67gi179fNUkU5sApNTcrMg,1
Vx7-xbazum3dgo3Qj3i4pQ,1
EOCQ5E0lakUyBvUH0L9--g,1
rua7dvP6-SUXL4N8RTY--A,1
BicQSnGZnY_yuGEDkhVfnA,1
Jge6Oit_JdTkkJ6UzhWVNA,1
_7OvxfAje3XDZuSzguF6iA,1
z1Np8_oQECKWGCwJJ8864w,0
cHBtAzDjkNBrfIDR_4PWQQ,1
CC8Gn5h28utxP8i9zGorKQ,-1
b7GM0x9zZU5gq1aXErUf7Q,1
7lp13T_FUmX1XjU2wen_qw,1
Guai2bH3hNqDP0bPuhT5uQ,1
EpascFEAih49O5Un4f2AFw,0
r-a-Cn9hxdEnYTtVTB5bMQ,0
5jazn-RZP2R6ZkCIPZsf0w,0
Lvf3N3cfLAmOc5y8Eg8KDg,0
_BhzcKojv1gjdRINe3Gkig,0
x0pvcx4C4n5sbFzs-My8uw,1
shCdCHRbnY5FTMJbWl-myQ,1
0vFCASHpp2VBeTuVus4MOg,1
sb4wU69LkCtC6Axqcd34WQ,0
UpYva_zhJ6pRGfdTruIYIg,2
Oqm8u_eI_LVXOMAJ4wzP9g,1
dGjOCZsRnjdTlcIBDmAJjA,0
VFi-N5ySGpId7-ie85rSHQ,1
AvaV8EHR0m06uiNxikJabg,1
sbsFamEj5wDxNAjUKrMcSw,0
cPIi_5tWZw04DmtyUBcFlg,1
FG7Js2aMD6NtMMRI0C8Arw,1
umyo8MPjiZiDXHtvyaOi6g,1
0gQrhOYWdO0XVZEKtOrvaA,0
fAJM5vQ4dJn2xSfWMAEu-A,1
mmwJ2goOb9jJi53zxEdByw,1
3E_toMWSUCuhRJzG1eml8Q,0
Eq3gzgiRIGYtubbZw1mDlQ,1
GGVcdnKoRXldVEgergSF-A,1
78IaYCf9ktUep4UhhjXbTg,0
3u18RVyDlsy3Y-Mrt9Cukg,1
FHA2j4ESBkgGe3NvOql4qQ,0
KNIw6kwf8LZkrS1lEnaLiw,1
hfl62LX14YqNpG0g0Tj6_Q,1
5UBAWhxukaPrc_0DalT-3w,1
-WZIxGXJHMGidZXRhKxP3w,1
2a4wMeWkUcS2Qlx47_iQ-Q,1
zruUQvFySeXyEd7_rQixBg,1
GRFunGSUZxXqNCZJrN8Oow,1
2ROQ8fqHhCqDw2zEvUhN-w,1
7NN40EKNb_KaqemxxSH8Wg,1
oEOPHxpg5qcvkOyHVxXOgQ,1
C6oCdg9wVaS81Re0WfBJzw,0
4r9-iKOagzn5oUvPE9Bz4Q,0
QdbZyl-LWFS54u93Vjd5SA,1
arqTt6XNdl3XJbTGm215OA,1
Dka36Pw7ibbHV6xIimQAOg,1
vwZ15OkVO6PemAe87k0M-Q,0
DpVZRn15Trc4oBU6MIxr3g,1
uyQ0mDz0OKEgUkBKWIl3og,1
DLOr9MYltjcu8X5kwDJgnQ,0
58J004jxfjm3ahG8BQwUNA,0
ntJAKLAq0cXzzdFgPoo0Iw,1
sb3e1qE3uZ69Vnetdovw9A,1
3X081wewB-J5tIMO_aOPnA,1
rgeyIXOiEGabJwtGCVp0Ow,1
gPCUIvpMCXVDRqszO8v69w,0
tEvGNTPLV01OiUt_SKn2Ww,1
_9h-jH3YOkAU9-2A-dy6YQ,0
rt20ZJn4lY6e7cUQ41yPkg,1
X-dpycbo5fy8AyoHCUCryA,0
OEQMqI-duBA1gbBFzi7BPw,1
s9XNBJAZ3ZcNW5u8BRZXuw,1
4yJZUlvlJfFINoNgulSEXg,0
XK5hwOMD3M-cjGVBsEmrIw,1
qh455klme9unowV-BQol7w,1
2VU7F1oqCxpVPVlvpwvacw,0
yYbd9P1KmlPSKmQxo68n_g,1
Qgp_J83d5e_V9v1ETP0ZHw,0
qVoWe3nVVkg5KSOmQpntIw,1
lVHtVCyFJOqAH0ltn7pLuw,0
M-KswR9gmh6C5VZq32OUSw,1
XNSito__Fne14TXU0vz1Qw,1
BK51tV_XtCm3UHwRVyCuqQ,1
7SO_rX1F6rQEl-5s3wZxgQ,0
oinZM9-d2n5NvGuxvatDWA,1
GavgziItjOIkqqf7zm5w3g,1
N_n2jyCfpon3NzKERYT02Q,0
cXx-fHY11Se8rFHkkUeaUg,0
FKoqqNLG47bl_AjMwg3PjA,1
2gMx4KnXbNtpoCuVCmyo3g,1
qak_x5J-ntcT2iOdJoS60A,1
oOehX_l0odQc-tu81VUkIg,1
L6Qumi_rEtOAfX2FQXm06Q,1
7LuKiasIyGUEo7uipN10Eg,1
zhzHxzDdJ9eJTj5Eis8YoA,1
r6zT-YqmOtHg8BJT3LLzfg,1
8ZQc4awuK6_yvcERvczR5g,1
_ISHH8x8Qe6IoVTQWegbpQ,-1
Zruvunhqw7cuyuoe7g09Gw,1
BINYfrtGp3A4w0d5E7kbYw,1
gw-V13MyfzFaCTbALfnn2Q,1
B5hhRbxDIADG-bFaQIEWag,1
K4VHuqUFwc4eeC8LkMLyTA,1
ugzBjxLS8wchZcASnHJO2g,2
KBG28p3lGX17hOPoHhq5PQ,1
ihkTtwiy0DYxWF5gv3ACYQ,1
5lQatU1Kf-W-rUavMjJhfQ,1
g1BQtMfpjrQCVGPWogvjow,1
P5uC-zfGG6yqoQDUyqyAvg,0
EesPq312CyRjmq08WIUXNw,1
XeoeF0twXRV4mUZJgIjc8A,1
qd1ajiZRCwqEQJqCgoN1wg,1
yMhjh0ASFZscz0QlLxAj0w,1
zYCGmnEvORQ7pf4Lwfrc2w,1
NN2qs5B713vM6BDcMyrg4A,0
Q777p0iKcL-3k1171OW1TA,0
T2K-uBbU56bzGUuxs7ws5A,-1
IYWTOj970XqG2z9Xft_8SA,1
H3rEy4UWRp6BfoWER4MSCA,1
muCl5p-9ut1sY0aKeUeRhw,0
drqCrnSqtGffJ1z60aWkxg,1
Fo5O94HccxE4PvMQf-G_vQ,0
7kAXbY8hjHhC-nZKR2Embg,1
NK-lGc4ZpuuduTAwK5Y24g,0
d_gczuhu8T-J0CT9JMb5PA,1
T2xiF9kMc_WRH0GeKAXC-g,1
0WBsN95ItG6IyiB1X2lMrA,1
6ePRi5wSunkoU3rY53IjXg,1
bzQPFOLLxuwx7K7dw8j7Zw,0
OL9p2tme85Sd3d8mCiSOxw,0
pQPIaCWok_yVzY-0JvfURQ,1
66XZYUBswb9K12I1FVVi7Q,0
V3djRRU0eJcyI5lZ6Tw6RQ,1
VGhMTZyqmGmM4Lrn9i6yuQ,0
-kVXDEqGHOWKxQ3EhvFgVA,-1
-0QBrNvhrPQCaeo7mTo0zQ,1
uIDdneARsmwPLebKrwMtBw,0
AZAd_Zhv4UiJZ1x2FRPqIA,1
xIdyiVoX5woL8iKHYKoiWw,1
uQCSpzuUsRntm_YoYtRreQ,1
fK7ujDbjhRFEe2D7eIwK4w,0
h1kwVr1eTpBK0rWfcm5QSg,0
lDaRjBglhfWCRMMYbXDMNg,1
QhZgTuDoGMXyLu2WzrPoyw,0
maF18Z12TB2L_bV9CAhNrA,1
39oUcXr-06fcfT_MZ94z-Q,1
SX8GyKnxVaVCfuPZkk2oaw,0
3FhHnU7Mq8KcyWiWKH0RzA,0
paF7fjuCWbqg7pjwSWnMkA,1
PlcCjELzSI3SqX7mPF5cCw,1
kF8JDYpLnbf8AZS9gpHXJg,1
mcEIW9XbC1c8Z8zGvXS5zg,0
6JhJEBo-1IqofPGrIk8UMw,1
Apee77IOW5uNS7eGJe6Srg,1
eP2WTbTQDCLj6FPNd6Il5Q,1
mms3-uX7mK42Hj8fJqsPfw,0
lPAHpSIc2MvY06bWxrFRiw,1
x_mxrJALBi5No9CxRswEaQ,1
qb1o61d_qrwEpxAm16dZCA,0
D09yG6Z3gcsh24Qn7Y4gYA,0
K4DHwck_2ds1wURnmZdFiA,1
bEYB3PK1IKQS_kYXaGJXNA,1
691w3FIZWH7cz3IYGor5Ag,1
bfWpJH1kXf8jeD39IkDtUQ,0
mM4JGpza3KkegHYUN7T79w,1
hh2lP4_2N-tk_OxmaTf_qA,0
xdsa_jxitBs2akh_6BYP2A,0
9cmq0_NV08ejfNsSgr2c-Q,1
aI_RzGMU35cFL1St2HgPkw,0
YQz2fnfnL5eAWn1zOmKYnQ,0
pfTwzep_4hRTX_jXoi38cw,1
ct7GR8_z34WRrNT2LPkbUQ,0
fESObRt-YtkgeNS_TUBhlw,0
kEICEqqG_01RgaNgvXc6Fw,1
u5o4H8h0sIVhqa8Lcusi5g,1
DviLuRGHMkfRkA83nn_GOA,0
kWR0gFb8G08bezy_Uj4GsA,0
5bzUWGZO13J1PsYCK14sCg,1
NzI4pAPrjlCkwcLgjseDtA,1
Q90fNAiXiTHFoqgCDf63sg,0
sHu1zuayEsWgIKdj7nVRfg,1
jZGPpPUNM2xe4N8qS4Tu3w,1
RtwOc-n_RkiUuDGaNfCsNw,1
gCQuajbLB3hQQbipYpEtYQ,0
k83LpHfy9j05POm4rxBVSA,0
58JvYyP5zbvq5Z9EKXPtxw,1
8r4SKAKp_ugLrmhrxDBBtg,1
xM5F0cLAlKWoB8rOgt5ZOw,1
bFIOaAXd7iv6Zvnqx7D71A,0
rDvz5jX65gpfONFu7er9Tw,0
a8xFB8jhDdlEudss-yMsWg,1
SPBZxmt8_nT30rNVnKHYKA,0
OTq55xUFMOz13DAi9D0_rw,0
Z_KaMBtzVh89WF1fgr-vMw,1
tm-lmBXzrBeKUDj_eQVZYQ,0
x4uJ23SPIOPkCxJkmv7msw,1
VEVeXNBX_LUoHaHCJpxUMQ,1
UPB0u6rgNMSawHOV7Ewnxg,0
y2wWQI1gx8Zu5pP_WZSR-A,1
eb_BJXIPmpJ_zad4SN_Cmw,0
5tey93wPQOb7z6jOLJZ30w,1
c8XlQvVNwKhH9BOHEObtNQ,0
JIUlJaFzsBpQ1e5QpILOhw,1
A26vuVTI2wwWUVKbykemEw,0
1cTI09YZ3uRPXt3YkznuPg,1
A-8Q15fZHKGn3dLjazNwHw,0
DXBPI8rR9f_IthOGPDWoIQ,1
DeAnVirgOxQnI36V1W158A,1
hx9dmPZZHvLQgEhlAZ-Seg,1
7LGjM8HKJTwqfYU3C7N_0w,1
BBPkwpj9kSeDuy0uOwWHJA,1
o-DRmVihuTjS3x9OXSj0tw,1
28ycqW56i70yM_C0ejNv9w,0
VDUwU8bHmeGgtJpe-rz3bQ,1
tNdb_01AHU3O1_ISE2Mf1w,1
dMXYzSsh7CnIX_6KixDW8A,1
oXQmAzFj_qKNhUGYGNWLSA,1
NBvrN_ZDpmBCsPI1qLj1Qw,0
o6K1dLoVm6g9ThxQTd15hw,1
CICu2tclxRB7JgW_I2a8rQ,1
PgcuQvFl76bx42xIFyhzVg,1
ykfTh6HI219NoMsWBxulxw,1
JPRyCrWPIo_ujOszH1NRzg,1
BNTw6sX6fDWe-pmyY1FeDA,1
i5Mf5SAxFFNt_MTxAPCH6A,0
MiajUnwoG7RGoaolO1rPaw,1
nucUevm90ef7-UP72cHHlg,2
KoIRdcIfh3XWxiCeV1BDmA,0
KrkeCU444Uh00fuCklyuQQ,1
2e1to_xZayL48779bJtR9g,0
_HTE4pOKeJC7kcxiCF9vTA,1
bXsc7bNjgQ12LJGwgyaQUA,1
vN4mFODLd-gLmDg261wsyw,1
X0Y2cK7dtELXEqkA0zEBIw,1
pDXv67UQjBKScEgGhc5yLg,1
KLaxBc83JnxyGf7GP7enYA,1
zSzE4rW9FE3fGqiEzZ91Vw,1
Vh_xXB42CYfhEdelpDb1Ow,1
VRxelK__tuQD0KBxx2LzeQ,0
ous0x-3S_tJQOyel229Jgw,1
78dfzUUVUeFpcYKqvs_X1w,1
tcxNX3YiHNbaobEpPFyOtA,0
CuLdSn4wFwog-z2OMSwBCQ,1
GFcKf648xaDTdJcymIm2rQ,1
BO_TJFFJyXu8i2rW83hG3g,0
zUGy_9UtKDfjotmWpCu_Sg,0
qHjUo2foq-IXF6Tk1Iz3WQ,1
Xq1FtLSV54Spf-HfONc1aA,0
cNANHnAOZ_7-4VYHbFszBQ,2
Zip1ElzGhsr-2Pw6EXWyPA,1
ib23CJSg5HjQi2sOm1yGaw,1
rlQCMHmaMjPzEh3BeaDkIg,1
fZT8svnY4ZlNCigX8F3_Xw,1
0dORc6ckZw5HezR3BuSsqw,0
lciZhyp_xwKNBOVyzxqhbg,0
Fd0mINs0v_cma-ORPDBQSQ,1
d52zg-S0o940WUCK-nNiKw,1
jsblnIZnHUQGufwVb_yX6g,1
iV7D7fHKb-bF9fCL_bEMtA,0
Nq7eB1wB2EArUICtiNePvQ,1
tO_iqxmqoVtALIeA-dxJLQ,1
PdWe3jF9YEu5fWBiQXZIgg,0
7uLwtXCNzGbdr9domSyZfQ,1
UWrB5H3G-hhiHMy3iKV2ew,1
jCaQauhwHFyjOSlCutqUnA,0
3ddQnTTIY-mdsBMn9b53Cw,0
oxMZQXQWvlgmDR-K6z7fqg,0
0tqrgESNOpN2CNoEtCGYpQ,1
M2Dw6a9MSIFUtVO3bF2ckw,0
P5a2hK5G64J7DcNwLAPhuA,0
CrwzX70X2XV1hlGhk30nYQ,-2
At8s2nEl6ms75r7JF7VJWg,1
svUuarGBHtVcBFst3UoHkQ,1
ftdKj1p2Y0ABrr9uOPn97g,0
d06ZIF5TeK5j_Pii7_LmXA,0
FljU76i8DYJbNlpibaieGw,1
Rg3INE2p4zQYvfMvJduEOQ,0
UksBiIoqV0sr4kcqBOE4nQ,1
fjHUnUP1Lt-YAbeWUx2LrQ,1
gh-hT8e-XtCExRxe6PKR4w,1
ukTwFX4wQW4FbQbnWI9aJg,0
usjNCe_fdI4CbKbZCOKy8w,0
fHGb1TiZbYAFxxwADhIYQw,1
FHdqbqYiGhWljYOJq0gH-Q,1
JSX7i-cfoixVtnCx4BNb1g,1
Cp6JGY5YIRncTV_My9nf9g,0
oIkwj10HmUiognO68j7jOg,1
EoVGIsaatkdbWLY9qyFcgA,0
ZVu400Wt7VKU5SdKwUR9lA,1
S3FhtwXuiGMlGdBNtmiiSQ,1
QzMaVGGR4Eo5otfgOAxzjw,-1
90AXjqb4O-wrTHDKDoDUzg,0
WBxuIQsxGl7vNe5MXYszCA,0
2oYhEHgSDLqYXYlAqnChuw,1
18oecrR4bf-ctLvVGEaSLg,1
kfscAJnLVf6J2uEte7g-5A,1
vSEFzop2GDXsIWTLxIGMiw,1
rgizde3reoXusbR1Oug37A,1
jhzF9VLnT7FZpvwPXSpApw,1
wki-Qlp3OWgH0XtZ-Jz_WQ,1
KIgkwPEOxbfdeCk0ltycOQ,0
0pGLXuFpUNTgArmOgbBpwg,2
wzIPW_XyKc2DBWdOUM5hlQ,0
mpdl2_v3MDJVzTaxvlEGTA,1
EfmR4e1tmjC5_ZQOgfnYrg,1
nU97FczCPxm_wIp2pgtYfw,1
zxjMiqlfUuIQRltSuj9FpQ,0
4FS5otEktCyI1aDpg_h03g,0
AC1xogsITgaae5ic8B9Ryw,0
CQDxI8giIc6Kg9hQFLC6Uw,1
bMqkyZZzfJ3CnmrgGBjJGg,1
bF7KQ6AQK5rBS7aOFKtlWg,0
9B_rnGpDieUnMr7szjuaQg,1
b7-1zOz2yaQZ7JUHqHLAlA,1
qlV4BAbAvnAEomGj2gudlQ,0
10BgGvCMDH-JbYsg8KRLRg,1
r6Hq9Cdh6eknx_1syrdusg,1
dx8lP_mmctRUFFz5Y3xpOg,1
WSHQ9qpL39g5xA3E5iBCmw,0
E0f8jFeNaL8ARG-vq3apVA,1
kJFS_3WlP6TFdNUYt6V6FA,0
VNJMoQAzJFWBYclBOSDPOA,1
dkROlq5s9qBt3Y0ERB80WQ,1
JRhbdbjWYsK0s3q2waoULw,1
tjbOg0zdpMaJcpTAhrFx3g,1
mbPdVUCUhpqc0zLL13FObg,1
OFBJtqWGSx6n6CchtVmoRw,0
oEUgOnQb3Cpl_zpGtR3itA,1
KHoBFKiWf0pJntUzDQPkgw,1
l7gUqxGk1Zf41r8K6FVMnA,-1
-zcZNlO0JwZHppan8rGkBQ,0
uy0YRkWZ7T30f6ruH-51Mg,1
0K634ehk41ZRc4kj3NTAEQ,0
5nrEG6lFlKfr-OluekbsTw,0
XOOlEuIOo0wPjYOjbXGecg,0
5ambRqdTJt9vGwFzVI9HBw,0
9JbUuP2Zf2HaNlgavwNyXw,1
w5XcgWwGAN21Ly2HeU48IQ,1
S1TlmscGEwSjahaXr5lkmw,2
mNqdYfvAWpyBP3eQpecssw,1
NKMyRG-hK6_HNMlckY7Hxw,0
Ez2MFsVT5lJZ05yvK_0AXQ,0
KnLsrf4P9GkWYLNRQLUgsA,1
r7Ge8_c5Y2TXthb4CSjzaA,0
q9WaFYhlOZCrfXJQTG5t_Q,0
ESMi3ekzBJuG8V-oaNcK_Q,1
v48aS-Z-nw6o9qsHdHz8zA,1
GzWiVvE6JDdBNowNVshItA,0
NChgwDb5vWkPg3nvZJGM9g,1
m9Wqqma30o-hH2fAX7dnug,0
xiA7_Y02ygsd2TmhEJXsqQ,0
yi5pFL1xhnMUH0BZb8xNUw,0
Eq6HUYlnhF__d1ie-I2RMg,0
GjG2_JvHg6ISrLchOag_lA,1
Umg9N8SFHm_B53uetHH8JA,0
soiGohHtWOltGeomkSxzEw,0
1Q_H3BLhKBymF6Se8FfZNw,0
Q8OMwgekiTtgClSiRcQcSw,0
Io9LipJHJZqHAfO3nmiPAQ,1
yC7jKvxl6eDrVtk3fjPahA,1
LSElCCmJQNJDpIEf77NVpA,1
rDanxbBDdAkwbopKNbkAiQ,0
1mzM1-IeDhPOmWXaHOUbmw,1
eg4nd09goZ8opkthsKgn5Q,0
1OO3fy6z5lxlRuHnnhPStg,1
VpQZo6KV8CqkIG_MRQ3jiA,1
PsuvqWNmLBU8ABkch2d9vA,0
eqdEOyNbEvl-Gne_w3_0jw,1
h-LEs0XY2zyp3AjY1eKNyQ,1
7m93HSBV1UrdHZBJwdUVJA,0
Cddi9xEIKfqqv0W0SWD4Kg,1
3CXIK5KjXAPf90pZY_aazA,1
A4pL6j3e6JAtblmCUF2GZA,0
iPY5hB0TSd8rIiC2xHhnFQ,1
VTFx4ADDP6nPnlcMHB1-Ow,-1
CSr0ur66eNbIskCy-UGdHg,1
fMcI0fOLmUwSvgVCmGA9Rg,1
JokKtdXU7zXHcr20Lrk29A,0
pQHvInuWo1L6rFG4dAGkcw,1
Aa-UgGOs1lDZzQhap370Ig,1
aTUHVjsSH7YLV_wD3i4Lsw,1
puFrm8eNizztqaWr_e32pQ,0
ptHERlqZTrluKh1DJUTz1w,0
cyxnQ6EocFbAENe7nRwx4Q,1
nQUsMhT7qY6pPMvTT6xGcQ,0
nMHhuYan8e3cONo3PornJA,0
e98N1lyg3zsPohSEI3MiJA,0
o1GIYYZJjM6nM03fQs_uEQ,0
xjNrD2KlDvY2mA1JceVCZA,0
l9Xqi_FUukoExs7nBa422w,0
MpMkOGrzCEGrO0-8yoib2w,0
L1ymPhPjisiSD6RI1NtnQg,1
8Gmjirpg6V_a2u0K4In6Iw,1
fsxBliRs4rwxRXkZUVy62A,1
klCQ1ytgmCgJ1KvlR5Y0_w,1
soH8ekCER45AjfMaM6cJ2A,1
mRWVtcXKFfTMdGiIYxKogA,1
oGLGmDK56HDJJ3-yvTruEA,0
tZXPhvufHhfejGrRp554Lg,0
OFdO9i3NZ23HNS2ua4PVoQ,0
hDAIq50U0yPwwo9oLbec5Q,1
62NzHN5KnexeQrBmDt3Vaw,1
gxjeuQkQp_-QIDKxazivVw,2
ZcqPdNauzOR1BGSVSAocVQ,0
nsLeo4ZopH-FRt4UqFKqyQ,1
7i8eNw1-tdgVcfAiNib6wg,1
G1ub1s3EELLrGWqrq3a2tw,0
0RqNRc6RiILzZxK9J8Kqug,1
0BpMvu5B9fY-KEbOuxLtFQ,0
RdzsxC8Q3ybBcJohpywSwQ,-1
uchuMhsItIZOtD33p4KBaQ,1
gmWSXOysesNdp58WnwTA2Q,1
kOh8ZHf8CkFQCwyfDvVJTA,1
N_LG7wMjLSOJ9mgBr1kWtA,1
5Js9G0axfWhbYlB9UgXLww,0
CnSDnel9GZ6mRy73zWBKiA,1
LomlpadLEsfLu2O7lPWPJA,1
vwh496Ag4oRFgR6Dw3Hilg,1
EHi-lebXGWjSktl4WvSoow,1
0vzZ_Bcb02rJljeMU9XkBw,0
aDBT5MB0L2JCUo3kqgFRJw,1
hgb1RihLYRSpFBjBhn8rZw,1
hnOGdF42m6Cwuuh5iuaXbA,0
wX5HgfD1i1HYU7T6JZvh1Q,1
k76odRRsXPErPzB0gjn-3g,-1
tqDwpyCB53TiEIv915Tuww,0
uy1Ek9LC3uDGH-DHtGx00Q,1
nKrK1aK2uWtL57Q3ShH6Hg,0
KDfmJTIG-z6W6cl4YC-WDA,1
-ftQeUsqwDkExRg6IYrubQ,1
H9wnP4BIctmRxMq43NPgAA,1
mTjHcl-pkNO4iOKY8rVHPw,1
s3D7EEo1Or4SsxRRjURJwg,1
JiLK9QPjd53pOBEAaY83lw,1
-wwJIaO7-diyEqxGwZKVuQ,1
WQJwpYwEFT_QTR-lFIh5mA,1
CHAJTLAAGAsTMA8sdIjNXg,0
iaEqryy7OwAOAQkLWDBquQ,1
VGYaXB8kJjqBBIg6bsx1Sg,0
8lKiCgPn_eonn5CNsffabw,0
AkOruz5CrCxUmXe1p_WoRg,0
qGuI5WK7-MVnPA6o2DGBAA,1
otjJD3ZoMVQOflk4LvoFZg,1
Zw4CvOwXJj1QA85SvB99Hw,0
uDKU9JaBuSLZQb4vz9p2wQ,1
obEv3-i-pr6oPlya2IY5mg,1
jgMw21g-yv7HX4drE10RAw,1
wXP_zTXRRvhHENKmiz6ziQ,1
NcXkPZKc6PJQYb9hOcTMJw,1
ETg80zdzuBm7gBfW3UoMIw,1
IC8no-tIdDWgkYzb5d-Nvw,0
69t2S1u7Rf6qM_c14b42xQ,0
cVejKU_SrdbvzIbQ4oPV0A,0
RiJ8Agrw__NG6flFL7BpbA,1
lHZmz_QUoARjiz520BeKMg,0
qVN-P0aov4z5oknS12Cq1g,1
eUmyEXmaBJO8PTtKooko4Q,0
80tJzUERJjRDjpxUXy4M6w,1
Jbv39pK_ConiOlS3Rba05g,0
x81TnVYj3TPf8SABV6_iFg,1
1_siFXaQbxck3tiKRwnq7Q,1
v0UcWfHvGgYZYFobaSOr8A,1
tpIU_ZvIfCfCp36IgghlHQ,1
fP-BPL6iRu2tbcvlnjRshw,0
GAPqG0WNBBidKeZTMpEZ-w,1
ar90fbRbQtiyZLtwjwwXUg,1
w-zaOYwpB_tv0owGkmbRiw,2
24OmQWFTnbfGv-e8GyEMAw,0
63cjAsO1jXvrwvjkUiEkVA,1
NYBx4sdSVrN-I5Q8RfLMPg,0
LQGQ1w4pYrf5in6LrU0BlQ,1
iung9K8cFAPLdA9k2DUoxA,1
iVtOE7_UGPsxiioGc034tQ,1
_AvHni-xdRHmZ3XfYHwGkg,0
dUi5Lg1Ay3HwK0p_ZaXNYg,1
-M1rR1Ip7NOlMn5EbUkuog,-1
7_7fxuG9ESAFmx-AiMsJHg,0
yPfvOB63thP5t3pGZPJExA,0
d83_qJwcOYOojQsapu1Z4A,0
zsWJEyP8YyJkux0muGtiVw,0
2o8wGRVSn1UCrwSMqwgu-g,2
JkAsQ6GFj9q2Uv1IcQuOnw,1
P2i4eojfX61pZn8i7RZZxA,2
iVPjpMOlFlg0N3F31q5i5w,1
FmvqqBAU_IuMk5iGp4Y0JQ,0
_uxcGC8YbHH2kJgXT2CxZw,1
mnJHxPTbAxhueeuh76ePZQ,1
gUt-pPUpOVVhaCFC8-E4yQ,0
uudctBsXXn6GvRGRUbtrEQ,1
chudEeZo1SNr-0Mo9L2OgQ,1
cTyBfWfmgL3vgRetyfmtyA,1
MagW3D2UDQaP6KHzhauUHw,1
jMzuQy104M0KU6uhdffsaQ,1
zxqvU415r_RtZRKDtdbIKQ,1
X5ym_bvxZYMpe2ovDKWV7w,1
6I-mDaBLkOFrN-XkMWPr7g,1
bKr2DfxkmVNSWM2ZrjMT_A,1
mQUC-ATrFuMQSaDQb93Pug,0
DXADDERHdunEdkwo9_t7gg,0
uVIbi8prW0_zKkX3Cf0FOQ,0
oMGLTTo2Tdizl6eo1EWOnQ,1
27hfvE5DcOY3J1-MWbTU9Q,-1
3Gsex5Dyhnoul9l_914MGQ,1
FFCkoA_L3cqYXtHtLyvxwA,1
rd2dsPvJANI_sqcrGeCKAw,1
a1zBJOBpJiQk4qFaMCvEnA,0
5-X03Zc0nN7U5eoe8uFUdw,1
0zcHBms7sK9IYv4zn_qrqQ,0
G4ZZHlp6CdYBZOirW2_PQA,0
VIdChV-EyPCl4iD1lW9bwg,1
j2a5uJz76rK9uTRgLn5TdQ,1
xC3s402bu9HBJwvH0RUUZg,0
af7ZkF4r4ywWQF-QTXvsCA,1
4NMElef11_YmVzxOpcsALg,0
psm1tqE9dxRWWictMCnLuQ,1
bLFeZ84rAJdflY1Hu60_vw,1
ya4MfNx4msMlgyj9yOIVRw,0
1NferxQuGCPNBPVRBbdLpg,0
xgiMIVfuR94h2NACaQfo3w,-1
zFJlGyf9maOrBIgttEFp2w,0
LaRo1F0bOEZo4p11bfkshA,0
TizJmnlHPRU9FLWwMDASVw,1
UE4h9OXNzNInmxseAkUihw,0
fhhe2udVfL0V_9_ocPHWKg,2
dQQ4wVKoGZGpqo_SAxz_NQ,1
Q337sJLaPPiKCsoIoSEWGg,0
TYxwexE7GDYDpIcdltwj6w,1
dzSPa5kkpQIRjMOHvDUF_Q,0
jYXgsMgpoGm1ZrHYT0CM0w,1
g2PqgHDyjj8X8v-gZA7Yhg,0
Tvn4XCxJweM-SwjkWEDlZQ,1
4AKcmN--0hbF0kX9pg8scg,0
x6koVXXoyrR54_EsqOv75w,1
MFPk16G7fAxnCKTyfjw8Vw,0
KkdkWeTMN8q-xpWD0ckx1Q,1
LmuqUp1_fXGhhuKKG6wXcw,1
DL8sIhW5Ew7dXvYxEOj9TQ,1
pzJCv-ixgSL_z-46F74XrA,1
B4xI73kEOfBPeoo4LTVC9w,2
hZRLGfRrZTo9up2P-0aAHg,0
5_tsOGJQDDl9iKOr8K79Rw,0
WixkMVXXFCx-lYsr6JoF6Q,0
l4ymgiD1WnsSrwxWWk7a3Q,1
o-OV2LkJxpcCHmI_d4TZiQ,0
YxT-QYCAfg_jaS0g6Xx0Bw,0
JB9zRTOKSS1ApkF1T7_khw,1
xH5axHFadmc7Veutt376TA,1
06kfoeRs9Acj82Yl3i9p_w,1
ruhhxpj8IrxwMh25eFaKLQ,1
4jxKmU2No9hGWCZuYPjeLQ,1
mVIHgIkaLHMCdGUE2XCxvw,1
pmIJn8K3offcYUsrFCWAaQ,1
CNvPqN9pa5aJRn-Npcqgdg,1
WbeZe2BttJlZcHa3B9b_lw,1
0WI0ydH2HtFxFswYXhE--w,0
W8WyVVxinyRjzP8gJa7ILg,0
JMOK_Sy6aSOZwd4qgkX7hg,1
kIQ646tVxDv0Tyv2Tuz_kA,1
z4KFTJQsAdxqMZA7Fx0A9A,0
ttLtsY1S2Angj6hvEdzwDQ,0
_OYlq2UoKPQO_ElqhC3a8w,0
aACW1qAdOfgcU8yX61dOFw,1
e34tIpveepWkpvOuv_boqw,0
1M4oczf2lmkdgbrJ3J7OqA,0
SbS0XQG39VgP6L6wbZ56RA,0
BFZHdg2TRrgw56CyqkSryA,0
_6rzEUOYbo7lgtkSKkKS9g,1
BESmH-lmMm34_EefL8X9fQ,1
oqQvCiG9FDbIdr6M4yen5A,1
CvJNcUtmNubDF8UmuduNXg,1
8Cg98L22BEcAD3gQq3QsPA,1
PeC1ec6uyX3hlGIPORqs7w,1
zSEknIqmkGL1pQt-ApEeoQ,1
jbKVbSz51F8IcewsiRQu4A,0
kZWtP7HMRmCtWobW1_uvUQ,1
Tmta0aEXTSQQi7JMrryorg,1
nRO4tRwimU12hg7Cnz__iA,0
2W2AwR-5z_jQ0Ihg9A5cPg,1
JKMGWsZVdKrZ841foAMM_Q,0
CvRGjwCsrQs1DYYL3z8R7g,1
hxw-JWXKkYOSjZP0iZlj7g,1
R2FuwuSjmyvzNWNfqzKUvw,0
ayTBDjx-S7TH4maWKBiAFw,1
zWl6V8-L6m9Xfmpq_MqkKw,1
i2gLXa-MSAS-9oU8K_rnYQ,0
mxrXVZWc6PWk81gvOVNOUw,0
ujLZmyy11g1JHCQTxRA3Dw,1
V6BYjHM9SnXscfkln3hCdA,1
bFIa5GWBFcyhHJOMctO6XA,1
KqEbhQYu7ZBQY_gP0H0YJQ,0
kxDGexkbP30fBvxVI0CzFQ,1
5rLrDmE3p2X6SWXgOzP-cw,1
p1sX2UVxEjPzd92LtP3c4g,1
qnKX52X6N9tp5qcK3QankA,1
qYhIIWxvLQWghKQMv6m5Dg,-1
9Y5kXneSwv-l-8TODZWQAQ,1
wJGJt3NPaHvE-GMIeN-H5Q,1
U9iWs_XQ88IEj_Cgawyz4w,1
9BJ5h9X1krpXFjKj0a6wbg,0
uPDTnuR-sOi47blHH943lg,0
YowLDN2YEKVJpHv0Loqm5A,0
winRNt7prallDbpaDMS9Ig,0
kPh2gPvd8moVx6gNf2iHsA,0
gI4jThFNwy73SzaNvi-1dw,0
fhmKIPGVx9_O4P9zEgCHjQ,0
xpAOSN2hrO7lX_XEWhPgFg,1
7-vGQpfj0RcOD-Cy7CXDiA,-1
TgxDGx7L_JICWbuBUCGVqw,1
eL7RUC_jGRLBkmkvFqkAlQ,1
SC2r5q8cVXxClDqgqLpIUw,0
najn_Sy-_IzMvq5q4n6p8w,1
hIe65VALe8rxseYECVj08w,1
NHy-HT-FI305jqgyeIWPCQ,0
fI47JKlBBwtqOgiZZb4hdQ,1
7H0nbExftMZlpZDXm0QrBw,1
C42yP2SAQyit92zVyRAqMw,1
R4zcw0jq-gMgDtPyCjwnew,1
V5QdxePG-pGPXVPHSLLM9A,0
x0NOgX6P4x-82cC0kcO1hg,1
HUR7B6X_f_V_50w4pfoyyQ,1
7aS0iFpab3XHFQrRGMOKXw,0
XpXb1TfN8610d9fd7_GaLQ,1
F1qVJwZrwzHc0OjolMPK_g,1
EQTdq1SJuU6bjC3myEfDWg,1
j_oBbxZY_hxmWNu7nfhslg,1
kSkduN5G9ibASPr2npzDAw,1
nIX7WiUPekK5YpiRQorxlQ,0
pONHXroA2O7grj5iZ7dksQ,0
i5B5P2BxjQQvKZOcxWmVhg,0
X6kiOY9Ki8KXZjVHLro05w,1
BtX9mA5dYDzULGVPC4-I-A,0
PwtYeGu-19v9bU4nbP9UbA,1
hrOsdyai-9B91cGjBspHqw,1
iPxUYvC8tgt5rBr-IZlSeg,1
2cMWbJvpxgmSAWoRQzcNIA,-1
FCcFT610nQBVcRdY-devQA,1
Zh_y9AmSfWZpR2JB9wye-A,0
35Om8exyCLHWeijbxDPB1w,1
qMM8kigvEnfAkbTX7V1o_Q,2
Lfm0zMACRFYpUZR_xGMYAQ,1
ILsZjIibFtGHMDELeX610Q,1
obkBJENTOXC3YpS_VWiPyw,1
YxLiLBNTm4cOg7OlKKLmVw,1
vvMR0jgDoBA-g1XgZy8sEg,1
scr5gHaPC_36GtaCxmJEHA,1
tvBC1FNxX_quNv-4IkGzQw,1
575AW9jkRM070tunCacvxg,1
U605aUo9MJn5vgLfP3yYKg,0
ZeJArxfvuV1rAAGT5Xe5Yw,0
dWa3oZ_uXFaCMtPOT44R4g,1
oJbTdA12FozyXISmBx7WAQ,1
wT0L6ZyFjq3CQKYqENvC3g,0
ubfD6-I73lP00v0fkx-keQ,0
I7IfnWW1nXljC4ZGqwPe-w,1
emKCDGxYpL-hsLDQiULBdQ,0
h2intC6yZX5pwccleuOriQ,0
ykKSshfa9ANCZCuvM2LaWg,0
6SMQl2vR37HvjYWwSl1V3w,1
B6DUg2krZFY3fCECiL_xvQ,1
cTqTMukpW3nck7_7z2pbuQ,2
y75baZnoI51J8WS7NK9FHQ,1
ADWYOcE1GCVcyF97OUkaGg,0
ewZlgc22xN5NNQ1H7U6Y7g,0
zmvIqh26-lzpZROHuhA-6w,1
EBwv1DBGKsfdNZEYL70Dqw,1
cPmbPQepAatet3QMUZaSeg,1
WAqACt7FfSFcJs-gqysIlQ,0
0dIChGWBs9ueUXl0hhkw2w,0
CIpzeDYD252nq0nRA4px5A,1
BzVL418zXA493ylw8Ltx7w,0
MI_iUo1QJN8GKr4j1cklIA,1
5XU8ys_TsulI-FJ5nzuNvg,1
xWKtOLuIOVGZprcpGiqpQA,0
07OyvsOpqTWuyTtvE4_gcA,1
jFoLuxZFScgt5ZXNPTIOhg,0
jLxo_UgnGfKHSPK7gGa5LA,1
VTyfRdPJS3AVZOWDXIAhyQ,-1
RIP8nL2Gbiu0zb-nCgZnpw,0
2e4LeI46Mo9YF24RnnJadQ,1
A7Soqlerr3L8mNq3YuIqAA,1
oc9IJ7lhXKuXVK9JJBnohA,1
IcuPhhH7QCOCT19EDEppEw,0
wl51t6lT7leiX64SlkOx6g,0
SzUtb20AMaMa5u_AFbzX7w,1
nM5YtnUtmtb3MF2nR3bl5A,1
cKylbPFCMyvunMWU-RLptg,1
y4bkwSDssQTlFOYZS76K7A,0
14K90G-hbfk795NY7cKxMA,0
dBMd0f09nJCHURtmGHQPIQ,1
0pGUYf9eRfsk1DYmVQXjhQ,1
ogfRcEN46rhAth7550bkYw,0
JOZqBKIOB8WEBAWm7v1JFA,0
qLkihXrMgw2E9k3u0sxnOA,1
vnffHkFJbmd-J3OaBbK2Eg,1
zj2Olhf6zQGvm3DtCaEXew,0
TOy2PLtojYMCaVzHsEzyhw,1
ZhMlXLXuZf5z7lxunHk2ww,0
iOS25g0GXznfUZ_P3WHtzg,1
a01JeGRdPYArzDgBLP9M5w,0
WYj43z0qmlKklhcvV75mwQ,1
tLRNfwNm789XHWLNFvJcWw,1
hLAWdi804nVfTLF7T0rB1Q,0
J3VvIU1ZDqg9a9e7zK-QSQ,1
sry6XEVOqIDLoJRaXAMKjA,1
Ane4XcpP7aWzhjd8SGiciQ,0
rwQIBAM_kHtVl1Ks8Flexw,1
ZztUsJyGDwPySepmXRG13g,0
Ch_2Ye0w4Q9l3VeVW7VNHA,0
r_zSKJm5f_x79IXx27mtRw,1
Vz8e3TO2lsAAETCt3w94eA,1
vvA3fbps4F9nGlAEYKk_sA,1
367BbOm_KU4ljgj41p9f3g,1
ix5rNG55EmWbzTranmt_Og,0
ltAPE16jLxC-BAnHhcI9CQ,1
wqLEZpKy3qfE372OPAB4Pg,1
o_w69y1M6pkKetd1w43i_w,0
R5lWUn-VK5A-RIKwYSB68A,1
9NT8Ne1DICkv0ebX-gVK5g,1
OQshbYutpgM8LcBK4mbFdw,1
_9yrJLQpFa4JWvJ74xuHpw,0
yMUVflS-2SnOGafXmdHy6w,0
oKGhW4Vb3CDiGfPQDNkpzw,1
1_WD7kvNQAbscw1c7CFH3A,0
UeWr0eT1KEoMSYwf0vXIKw,-1
Fa48nm4dZwGNrXo2XDoZgg,1
7pxa5tueoEcmt6hztqsz2A,0
vAOTGsBMJp2ebRCJ6Ny7NQ,1
FI4ns6iR4ZrhoaYjITf-Mg,1
76d9NCIIZlzU12Oa-QUJog,1
b9p_PT8qXvaRWbuZHCSqXA,1
QGZiJsrHVKFO_B3GLkph8A,0
DF-7XU1Wncxx3XqZoiIIGg,0
-hQ8iZygzi0iiTFUkHgiEA,0
XU5Fb3TosXDUJcNRWQM5cA,1
VQfqbRNkykoEo7Rj-D9M_Q,0
Oxgiv8PVn4RXth_bHSbB7A,1
c5mGzf4ovtEglIzlXsL6rA,0
eODFYaXpC0M_39dzR5B2Nw,-1
wqIB7hUTQnCswJV4UyYyEQ,0
SrCIxeeypEDd26W5og3bEw,0
hvG3fEf0My4xOQL_90MJmw,1
xZEFQlr6rqXxy1Nsmq15wQ,1
nP9zQBRNSxlnU8BsbqYI5A,1
cAdSoJelw99xvyu80ex_hg,1
no_FXjscklz1SEzM_XnVgw,0
flUKBy7WHqYdfOrwU1A2SA,0
_tkAI5Q5XQSfgbqJzDKSDQ,1
DacThWipWrC-vx0jIelNGw,1
S4zilkYXEDRMaD_0M619dg,1
cvLa4Mpfqa-I7CbLs_8Ckg,0
hbuwR68NmVSe1yst6Mictw,0
IkJGALk6OvASIiFLkuTIDg,1
sNuyncpQdcvfEpfZS-3Yew,1
nUsD97mSvgpYKwmaMNKGHg,1
3R5TPq8jEe5gl_4eG_VEhg,1
wiNH-zH233_zQXKLMVlqeQ,1
JHUcIssf3crggsVxfQ8q8w,1
NQfyBbGTq5_4f2j-tw_gUQ,0
s0k5tNxvBaveCj0ElnNPug,1
khUAi7h8c57uHdliKrv5FA,0
SLIsUQDQ8vCmGlUFtuTVxA,1
6w2Vc591E3Ky-VE6o0UXbw,1
YBVQik4ySvAlvxobuFcXDA,1
_CG5zJAoNN6gszjhSyUcww,1
h_DZ88RQR3WnzyhJKhcbTA,1
wCqLDgQKqt_4BTm884MKmQ,1
ChmqODwuYP1ewjmWXtxtsg,1
LE-1ZOsjpPh7p95H2l5Fww,1
VN5gJKlXIBQzx_M32F_lkA,1
T8uhdmJgewM7htInfxa1dA,1
dn9sB0Kok8cnkDhpcl7YCg,1
7QSYBp2-AOdyUJXEaLnbgA,1
5I3H_dsz7u90rir67QJq_w,0
lut0g04VsYRyblR1Ad-8HA,0
CuyNmwDOLeMTrbv2c6rNxA,1
0bQKW7e23wTJxgvs_p2HjQ,1
E8CvKBz0Ji74RlpTdAOX1g,0
Ez8jAbAV1y-yZXSFmSy__w,-1
S3ccQHpkBQTBBfRB-Q4adg,1
qwmHm3s8p7J12AIY6Co8HQ,1
FmHOfFa2PHYCM7EdYMr79w,1
G9LwkTSdKOyOGqd5BbuIkA,0
JxVGJ9Nly2FFIs_WpJvkug,0
W6QLszaazEoEOAc10UqtQA,1
vWnlScr9y2F6_ctDJZ6XLg,0
iqVDfE7XknJ6kDIoepT_xQ,-1
YTR7zYN7F-zP98sqFTS2-g,0
jfXqQTdxktGQWkELGn-7wA,1
pkTf45JzlYOThKKIfjQJqg,1
0NhcabzEyeCIMsNCPOX-MQ,1
jgWAgT7LWPTf5wju9Q-kiw,1
lVkDZZ8sTafPlq7f1i5row,0
nglQaQXuU-d38fGe_tM5-Q,1
rh9KAy0HzPx4ddyVOOzWKw,1
TuCAYZ89lP_s6D7Y78xNhQ,0
lPmKXXcXVYkug5q9hhX2Jw,1
x-4BOw1IIauM7GhYpTKhtw,0
3GAPcBG8SowgrpS6UHlDeQ,0
bVgbI5w-bt9nSoh7vVFIvg,1
a0eg1AZESJbsUL6I3h_VsA,0
LeUNBYgQL3cERb4nsd7rVw,0
_LuFh4iAKoN5YrR3VEkMPw,1
4A19iEB8F8rrnysoG1s1Iw,1
E7nk0lC317pGxMX56gvaVQ,1
8v2OAitccSfmLOrjjxr1YA,1
srElnEXI8Qq7DpHquTI8HQ,0
AeoJkr_dlNshB078OepP8w,1
CHCm6hbR4KSstbifFdCOpw,2
Fb4iTDjDDgtz3ht-SfZ9mw,1
g8l_86CgzcGYRUbnS_JWBQ,0
7-4FxYXhNUS2lhpUb_q5-w,0
LeBQ8Wc3BK_i_jPSbFpZHA,1
s1dex3Z3QoqiK7V-zXUgAw,1
qFhBAD2hzvr7VC7n0ZNCOw,1
0vb_YDCtZo0Yk9zHF7rzSA,1
LZMzNNI5NYsW1cEJ-go6og,0
fmWyI5ec05F8PJpx3eNpLg,1
u9MKnG0PqI8N7ixSfrrTiw,1
2xczXFsc4GeilxL8B8R3Vg,1
BfDgmYTPfD1eEs21On4FXA,1
0YEYPidJcDh-Hgjwaisi5Q,1
Evi6u84U3F6VhgriCDhQUg,1
aZFxdrDmfO10e3k2LNNFPw,0
4QtD359vkU7Jq8vP0uQEww,0
F8q_9PUl-Lwjj9xIRPArcg,0
jzPMl-NoB5F2fwoHX3hN8A,0
yxmvnNLJquL6EBBlBr1x_w,1
LU0HLP1acjTO1fyjEigbpw,0
Gw8DsQQCO5m1hggXqwynFg,1
5WQhLNpG6xZryVCla4gMRA,0
BpWeAIGCrl5jxt-sMJgDsg,1
gtai_-E-WUGr_8tYYik59A,1
oWb5JjxoPaFSmpGwJ3-Ntg,0
rZbHg4ACfN3iShdsT47WKQ,1
8pqdYVXF17grawfgP2fZTA,1
nLL0sjLdZ13YdvhXKyss7A,1
qLXxp0rpzT4kG9tT3wZwfA,1
S8O3BoCDEK-te8U-0IvZog,1
HtOr8cabgigirtDkN-oBcQ,2
TxDKDFQ3ovgzTaNcqKf2Uw,1
mnqwmqO33gCByOLqKUYxTA,1
OoHWabV-ym7_HWlHeXTsVA,1
4mZ__NR8jLD1k0rYpSbplA,1
WYg3T9O4dX7FGaiQC4ooxQ,1
Jj7bcQ6NDfKoz4TXwvYfMg,1
6QWmwSHjCPpaDz8NmiP6RA,1
JvJjaTJCyUGu5SDpoJWvZg,1
4DhqZ0tyi2V2Mp8IqTREAA,0
JHYqBNAqVzTK9QEMU9cL0w,1
GSsq_y2PfYBzn51gAG_c7Q,1
_0ZajBG5CSBSyxeeZV276g,0
Oj79-vTnjQk_jLr6oNbT0Q,1
oPhx1YGHyLmtl6sfo3Vr8A,1
CVojju8FvPexy9scJ92wVQ,1
BT2Vls7h6sWrCKa5gGXbKg,1
3H2ttTM2aSIaZ6FTjHwDQQ,1
-xFO1E3OiDMmdqdjwUM_DA,1
Zg-C1aYcoR2L5OIrA01MkQ,1
hfe5StFcj1AH4DVe8coBgA,1
0DvsBDG0CEwIK8uQxUGiOQ,1
55seKyxRWUmHC1s52xk45g,0
W7xb2iS4cYL14Yi5LOGSkA,1
kkW8Vi7ht4Btj2SdVdBPkw,0
e8Eke5v8pXw-PuRCu2uPjg,1
a1hQlsTan_m8K3eTW7BNSw,1
9lWwAw9u1IVlYKbGiVOTFg,1
ytcm2DXuJWKPTqCtr6uJ4A,1
fON48rwmABedlUu0DWVEiA,0
LtJmxo4ZozEyB8JVwltMkw,1
2dJ_UPPCpcjo5JeYPnjaYw,1
OT0gFIAr_c-d3i-IQ6TZQg,1
xfk9eY8gmwn8qsbyd-W6lQ,1
7dnH0aZnfc2HxSbJkBcdZw,1
QVDzhx0E3d-J7Lh9FuQtTQ,1
PmPOuRvuN3CoNOi1nBj_TQ,1
0Apb1P7RzbQEkeJDuywlPQ,2
bsHBCjGykWPG1HHDsmXVfA,1
iEJci7SgW1MXsAPN2G-6TQ,1
FN_iNrt1Q7kHeVEe38yVGA,1
tLvaZcQ1BvgSyA8KU2qgxw,0
LmbVSU7Diel5lR2b6AS5SA,0
kqGbGsG2p6Y3vkplCKyE9g,1
sEs-qsSnXDtbNE2Ly0lQDQ,0
6Tt0mGKbMoAz1GsjkVhbMQ,0
EqZl_lQdB3GVFHCoD7sOyg,1
BnbJTzFHzwC9qRTZa2pTHQ,1
GhhpkAkGl4JE_M_Szwegeg,1
1_FS3rvpvgGEzr_SncSVpQ,0
8nk--14Irg9PtpQLWg4peg,0
pNJhovUsGAZ4XqG3lCU-5g,0
RjIpwtifHcykxPkIdPVExw,0
ccRPyxvCzkhwpb5ClCbTsw,1
Bqs7_QlIF5hHt7_HyZYO8w,1
XKFGZwvsk3GVzd1CZdWpIg,1
ivVVCPUm9mmU6K7xR41vEg,1
ib-y5nsfn3unE0lLY1vfAw,0
dec2TzjQ1skgmugHKJyLwQ,1
0Jouvs4G3d6CcG3pYGZ20A,1
iZpgRNPogioU5sEaDyl5uw,1
PJEJS5rNMRrIBVQDuU9qoA,1
oxsCvEkQNNIbOPDt_QK_0A,2
74NT13vpDleoNrkxQdEpsQ,1
dPAQrPQn8bzsZqt7QSdKjQ,0
3n9mSKySEv3G03YjcU-YOQ,0
6ie9xvy2WW1pn7RuBvGNhg,1
HbzAtY5PD6rMifst65PzQg,1
jvvh4Q00Hq2XyIcfmAAT2A,1
qjmCVYkwP-HDa35jwYucbQ,0
bDR6kF5Aw9guBkaahSAchw,1
QbqJEXdngh_9fwqVTI0CJQ,0
j0Uc-GuOe-x9_N_IK1KPpA,0
qiFTZ7aJz-FXt1wz8YigAA,0
E5dqlvxPw9Q4XFqOMw_lqw,0
6WyRYIPsW51EaoFaht-I5A,0
C51teWZIJIEGVYFTijaw_w,1
0wRPvS-sG5x-pEMKVuDBJg,1
j7-YRDU63fw975an55zHGg,1
lKQ5hnkSQ-XP80jNCH46nQ,1
uR2aNW75R4oYs9w7aw-_kQ,0
hJVt1P4FOvj-soabliLdaA,0
EAMPV2fgs9cU21MXOgv3Ig,0
hECOlng2SZ97IbUcabRH2Q,1
VFjeCLwVMguUNWH-DeOgyw,0
FUI-hWH_bpis7AKZTWenUQ,0
jqZKv-7F54guDLalXEjHxg,0
kRjr0XGA_tGLhCa-1FSAig,1
kA_88hART1Fx-zc_njLBHg,0
f_2iPdAHrcKMwMFJSRdFZQ,1
HFS4LDNFO291vU3DN1ZdOw,1
ML1RJdeZ7bbfMrHvJ7m99A,0
EzMFvyGJ8onE6zANDY9qRg,1
uVbt9dOe6qJgBBI4_XsXRA,1
OkO7zRnvV2NQR5aPmbRZeA,1
jJlOPkv4Xl6vxNzr51fnYw,0
A4GZVV0M7qRokP1TC7jn4w,-1
0QTn4pMzKv1mnQifcP9YoQ,1
9XX-sxaDFXlXO65WnuS65Q,1
nts2OALwvyvfNh9focRZ3w,0
uFwC7N9APy8oTjhda3p9lw,1
FS6GzxtCTxYVHXfVRhhwVQ,1
KBKDl08flVw1AqvM5ucVpA,1
1eJ0pC6UrQVkDSflgrs0Fw,0
6P2DqisDHtmD4Lvs2sMP-A,1
qb4PzVr19bXXLBf71dd5kQ,0
7xnzVnCLsbBwfoRemL4NMQ,1
0SI_lD1xTb6hUqpruo6ovw,0
fd0iSXEhwz-foQdS8SCKYA,1
NFoVdVCLmJ4InK4g6GYgKQ,1
1NZLxU5WvB5roPFzneAlLw,0
nLLs9fIiWw6WDku3_2NVVA,0
KHU2QER24Dbucct1dfEWGQ,0
MU3i2uEyUBntebU6pEyMbw,0
2bdKR3l4o-S1CscLqqnvVw,1
JgR9549t1KZJMFPgTtSCbA,1
WupCl5odiu_3F2lBrzDpsg,1
ZrDPINvukk9TEhENJjqnIw,0
CqKiF2X0_4erH02-CUiweQ,1
ieYiA4L5gk7S3kZYK0l_dg,1
Y5IwyffEF0MhRZxMheJ0pA,0
yc5AH9H71xJidA_J2mChLA,0
9em_vfSjwcPqQgU8Zj-hzA,1
bgKZqrB85ecmHSkYWHwy2w,1
gHbS3YAfJFQwwuTMSe4H_A,0
fNi9qUvM4G4MtjsFgUI7Qg,1
TrUlUCfoa1L034YKEermnQ,1
Iq-XEW13ReCPvdKjD-KM3Q,1
9Tcff8pZht6dQXPfjdReEg,0
-rSMxn_1dL2CO3DF7YxSEg,1
89ZBPf-iXY8__W3LYSvRGA,0
yQONzVpX-DEpGSuKMIov6A,1
GjvIDOEhdQB1oPrFeSpxBw,1
jBSx81vaJsakhNDnyv0Wpw,1
W4eKE-fT24h_8b7apHh12g,1
XK5FFbrKWMjRqc6ZbSTknw,1
coXomDOValXzks6BwMHG1A,1
ZcOTflNmbdJkgG8VQTYT6w,0
Jw1ucgEz9SlUKK7_7sqOdw,0
7qMIhv5QJ6xrg_hOOdLgsw,1
asebFFgabg_lfoNpGJHZlQ,1
hsOnzcy8mFbUvIWFC1agoQ,1
RW0cELoDiJ-DkQntO3w4LQ,0
s1IkTuTdWmPunObMizXxSg,1
byFWmwlVSmUj-AmM6NZYvw,0
Cse5FvYuACIxljwaac2SZg,1
GV1P1x9eRb4iZHCxj5_IjA,1
FWAQk5GHVnWsVzTuL9F8rA,0
MPziC5MO2QQiYVAMM3fdSw,1
LFOfaMvC6g7huKW5e35nsQ,0
OjI5vCMO-5ID2PjFCzrJhA,1
S-QjTijhGYvEKvDznUTqeg,2
El_0LAdJ1R0-nL_lHzBT-g,1
-Gse8l_ec33gkWgotCLsew,1
tsom7jUEr_DetH65ZtEc3w,1
7mNPyQJYtIR26Y4KQa2g1Q,1
Ew6YfU0XcFGM-S4zncZ5Dg,0
z_IfC-aIkKpuhGfX1yzdfg,1
_WP0nIqmrSFLcY8nV8KUSA,0
KV-yJLmlODfUG1Mkds6kYw,1
8s392ZpX8dfO5Ol2RdQISQ,2
DNauIohNaHF6Z5GKQv6JGQ,1
-sHaV6At__T1RJQXiR6d0g,1
6Ry-gjGqApTSRZkfdYlLmw,0
VzmP95EmSQEKABQmH14_ZA,1
z8DlBX3FNJUgCVFHN2BPnQ,1
xqO1fp2zuxeeYjPeGP2Eaw,1
aDgvx-OlL69ltaOAxN4VZQ,1
KyiV6r8jH_bgq3VkAaYw_A,1
hgy8A1Wnqyi4M-HJIFLpyQ,1
-tBiXT917wKlr6n9wSqViw,0
RbWAL8KYgUp9pNSeLSjXtQ,0
hoDG7g0Qxqje0dP_7MqpHQ,1
w19cemjVR8u02PgjFpJ7Mw,0
odhXwWaYZvD_icIN6f_DbA,0
hWhVP-28LYP3llaMlAJ_JA,0
IqOTL8BDF1PS5DAgD9oHnA,0
I1A1dbIc-CtMyI_0RUIcJQ,1
xmjv8g356v8Qo55ICjG8rg,0
qDekodPPD6hvaxqqWasudA,1
pF7uRzygyZsltbmVpjIyvw,1
jnYK5m7KoEQ3tZ6ZPH8ACA,1
8FNO4D3eozpIjj0k3q5Zbg,0
UNFcMOWOsr9ilM6lqXIC6w,2
JJGkhOmfOFamPbCAaRKPPw,1
hrbA1-im_sd3c6ZL1A6-QA,1
Vb93xlZKcSuuuZoAkIFCxw,-1
tf5qrrarVIVYOy0evKrayA,1
zRqU9_TTVNSo9d23fL8qgQ,1
ZXlO9S1MG2I-L5uLSF-nPA,1
E3RjJH45EX6rHYDs0TYSRA,0
nj0XCrdXg9ZVfrTFDl-K4w,1
ATwncBsJIneq-Nx6Wpo02w,1
YJoph5UiUZ3BEb49vyFAuQ,0
238vCjwa6kQCV7ukJI6d8A,1
4zitC1IPRLvHfQVinRSKew,1
cjUmPLRT43wN9Z87A9BOpg,0
jCOTob1avPH52RNuniylkg,1
VrqEeynr7KqucvEjpz8w_g,0
hDuGcoA6bs26zfidHWqG4Q,1
wccFOUVaqeNBRaY27wOCyg,1
tomw3dn386aTe6RGOxn5BQ,1
AARPDt5fBYkxoTLSQiNZLw,0
42xKe5YcCIKmGiqW0i4aGw,1
2OY8xs4aqOt8eTnYokdrww,0
y-uHaMLLWQydSyWJawLIUw,0
bfDQai9X59uWK-XgP0t6rA,0
2rMf09C5uXzF2qIlD5F5BA,0
GY56AE5HGV2dWcRNGXumbQ,1
mBlYtsMs6fYI8BE8pfuu3A,1
s_cKw6m0Fw9jZbobRH0YSg,1
EKzMHI1tip8rC1-ZAy64yg,1
jYFhL2RomSSUiRJYWT3mew,1
nmj5yK9dZ2atlM9RYDCRHw,1
DQlVVaGbMxf3Ed6rp8A3kA,1
Tsff0UUVgrnawjI_xd2cKg,0
C_eWAEOvkHZ_IZYGwjtpmg,1
5_Il_eOuwOMMoiT8jGBxyQ,1
oyzxIqrtzu-8sWlPhJVsLw,0
d6CUe9LjkFFqYtt7WuW5Lg,1
5uRaUf0eNyJgIdwAkIOM7Q,0
xEg0-xrQywU5K-WQO7cy0w,1
IcB2KDjGXdkG07Sitmik0A,0
Xyrss3tjzUofEm-kZPus4A,1
KGX7O-_WqOIy9o7u9NOa9A,1
yogx7L-udynx33Shu39yug,1
vMeO4qFGHvu8ZyMsH0LDdw,1
Sqr_te9U9Y6RpnmBx0iYNg,0
PXmR1MgOAWB066XH20HjxQ,0
JhupPnWfNlMJivnWB5druA,0
7TMf1NuuAdvhG7IojZSKnw,0
nRzZac3LVgANpKPkDs4LSQ,1
CjFaf6r6iP1xcKcChKDgKA,1
cg6BteeUKgpBrGCZeu-wEg,0
QKGZajo_Xm6AW3lHkU9Mmg,0
rLv5DPLnO67TCHIbbBWYPA,0
wGDXKs4VPubM_4-I3BHj0w,0
frZdH7hTGIs7nykH4jeIPA,1
FuqWdD44gYFhofESN6JD1A,0
WwTK9w1qu4h28a63gFz25A,1
xgfjaN0Vt9cj2div4kIKUg,2
o5Ej_N6wXbYPaZ5h1wqfDg,0
EWnSPExh_T5zTv6oMJOC5g,1
WIcDFpHEnC3ihNmS7-6-ZA,0
S-85eD4cnHA8uvgC7DyvZg,1
CBkGxR3tZjR91bmI0gUuBQ,1
OIBrslaVxFxaaGUsYFUujg,1
UmKs9myR3W-gdTaAnAZcWg,0
Ihd5lEko1ctb71UsOWZuuQ,1
5lYd_fpm7ug7_Xzu7RloPQ,1
xHI3saK0sAJEHeMK4IGVvg,1
t803CrM2RLHWktYTw5y_mg,1
Pg8OPh1D2ws0xO-I-8ppoA,0
aSW8D-uiz8mupVU8XNlZlw,1
1Y4SFeY8VWsuyAoTI7-GYg,1
FURgKkRFtMK5yKbjYZVVwA,0
IgaruuknYwCr9afeDYQ_yw,1
rldJM9jYNnrEaE0a0Py53A,1
zwHM6hz8swKIG-4-BSKMPA,1
6S3zqOG3NyYTc8r6LwvM7g,1
Yrjj_LCy_bPD_PINGjhdng,1
ddtUYvKrKNcM070m4c3lKA,1
WaO_hAunQrZ--vI308rHQA,1
nO7dRhIBsoovZ8DV1LRa_w,1
UCEAhciqe8avW1N-bWJ32g,1
ojjtPlnSmCX1zCzWL7JoNQ,0
VVeogjZya58oiTxK7qUjAQ,0
nBrD6TxddhHx4FhMk32JvQ,1
cuMMU10KaD0cZ2WdK5XC1A,1
kShAC7SB6qSlT9KJhfWMcQ,1
08In-bFs8JOmSTDlQ0BfFw,1
9_2qTGdmBx2lAJlAIKHOiw,-1
0yfN4bdKZfkFSXseB2kOBg,1
y3BaMdz1A_Bd6xYLquh5gQ,1
H3IBlFr4WTmMupkUcX7cDA,1
vk6VFm10drmhaNHjGJWFeQ,1
vm9axJ4kMtJNns25FalL6w,0
uEoOaDZIl9SEBU-ioPN1bw,1
_mt0EQgGCG-qrLy51RnQag,1
yyahaWDdm1Hes99IZkSJPg,0
782gZiEOJdexc2NEba7KtA,1
Aicnm12Zped8nQFXyRRFvw,1
n6Zz_KdxcUou8b2MSoz2tw,1
ufx4U76IsSbA06tfnHP5XQ,1
bygCmRIxMiLjs66Qf3whSA,1
MxTa2R2tSXFRt6UPwmeTdg,-1
ZaS6zYn_Pb3QrGRZJfNyzA,0
CmNCRMpiJVtaqYfd9X1INg,0
Hxw3hG8Efg6WXSa5oRJhrA,0
UI8iKvzhGn2qZCGIqtQqrQ,0
6BXkb7kOhzk9cV7s09CkEQ,0
0YEbfeYZXkcTwjos9cgaEA,1
AX8lx9wHNYT45lyd7pxaYw,1
nHxi4UjqWOLRidFNnoccAw,1
9Qt1pt0pk2VWz0chdGk-jw,0
gBVytpiIYGLB1wce-Dfbxg,1
ZjAOwETDQwI_kc02fMroNg,1
7_zL7NX_rDFwhbLp98PwZg,0
maB4VHseFUY2TmPtAQnB9Q,0
jw-etWMob2A07geTAVkgEw,-1
eR5-nFI0Vp7EG2pIXQM3bw,0
xxyuGOeAWnKVwIfoKnfUNA,0
3jqOv6re-xPYOg7srmi7tg,0
m6mWau12NsXYvwlwAJIUxw,-1
luCSjoNQ9q_0QIjKKOy2pQ,0
YUMvB8pA2yfVeAouAHzn7g,1
wqJ5dCAh2FGHEVtV1lGiEw,2
iRg16D8dWjmv70NF68kgRA,0
YRf0L_6Ntunht5ziviG5nA,-1
m51fZnQueyj1q1Ra_yDQjQ,1
BNOFxq6AAXamgLw_tzbe7Q,0
0m0KmAYGvC34MfwJIEgCEA,1
Eeonj15SXvfR6kgvh8BOWw,0
Kx6vAKUcy3wPhw3K0W9LKQ,0
o9nCXNC14VScabiy2bftgw,0
52QtjHlHoa7V611bOvv1aw,1
TMdHhDI7jYQ9206dtvrBgA,1
nBfusVbqwul0BU0Rcrlelw,1
1WTH8nYiGOMUe32q7WDx7Q,0
rr13jM6SUmfPPPGHHMHCgQ,1
qXQ3ZBdwI3GlbR5-eYWqNA,0
sCa3a9H2Wz-HPL4NC8D3xA,1
jy4-gm73tseqSvtqSt9pZA,1
23g7ZqhFgmvJzYcYX27ZGA,1
gWQlTK3o29rZGlw2YLUnhA,1
2VpSPb8IVXNqyVY5n7caGg,0
q49bnZsYJoynnffQSV06gQ,0
12srsQVQDykj2LQiCPmLuw,1
od49_DFUJY9louGx80My-A,1
bU1ShcSD6obWRDqyu-IG4w,1
cUaaIk_3UdeSJ54CLvrW8A,1
sRhfzx8P_VAdmofWMSPD3A,1
yA9gOueRPoQ4-Y8Xdu8k3Q,1
APdrRZvoxc2Z86owaNj8Aw,0
mMy3ki7V3ekNjKIH-93mZg,1
QQplckr0yVO-8DSPFpbGBQ,0
8_wUsDlOE8Guecq5RZZjDg,1
Yu1D1IlGUSNnsi6LiO7MNA,0
8G4_ESDS6BOTVCAlNt6O8Q,1
Aj_I7ITqTBFFvVZxnqFgFw,1
niPFXq4r2mc0zFlOpWV3Eg,1
OuGcrCgeTBrJnEGvLZ3JvQ,1
9x0rvR9SSX5mO1vUqx_hnQ,1
j-_jKQ-5IE4hqQzA-hsApw,1
-bd26a1QEEpqUZjBmtBUiQ,0
sPQvlHSBUn5ksKXmnKcepg,1
TQhP4vCMjvX527YMxPfuUA,1
dMOdFKdeI7GuZUIq0jwAQg,1
Yon-x99Dvu6e-NSlCd8iaw,1
kqFQLV63mAYCsY1LSB2OZw,1
_pw-OnDpCe9XM0rDVvTUMg,1
Zk-uJtv5vLpdNV-7rsuDKw,2
HKFx1r4v_NIOjMfnghZlNw,1
XxE8YV18K6Cb7uvQLN3XZQ,0
VQtMFcgkRz7MCIo9sPDaeg,1
EzwpoKQrHgDHwpuCUw074Q,1
PpFZsRmcGrkHzJxbt7sFBA,1
3oLy0rlzRI_xiqfQHqC4_g,0
FtTOqfWaoSLUc8pI2p9BeA,1
JsanjIgKkl_b6kc4qWC55Q,1
6rrtlv2s7W01U2fc9elKZw,1
LsHqtkdZPorIC9xOZEpz6A,1
_w2wIsBh-1M1ZCed2KjLlw,1
xzfusvrvYUgeOeFO3yIFSA,1
09nlgfIqh29b_zVXPdmySg,0
YeDYa6tYL16CyqYvUVOtLw,0
ARKzU5IdVkBryBQMmBwlUg,1
OmxAvtMyIvCVm16NFIOOUA,0
LEHCYKIR8PMHaAeDdu4luw,1
BJLoCsSp2TkHeTv00fJTVQ,1
s5BD7v8zO-YCjm9xnOLo8g,1
2HUkoi6pLuKCkmu7v962Iw,0
44qg4vgcqJkjF8eqG4R4JA,1
kvRA6hu6FC51vBKY7Kp9GQ,1
C28X2jduMjygJOSACINNwQ,1
XHr5mXFgobOHoxbPJxmYdg,1
ukUuBT8zVXNC7Zz34cctAw,0
6JE0fp84Ws59Oh_sQoaWkQ,1
euSK0uPFinytVDR_UROMTA,0
FyyNwrfVbCG3BsYEM5csQA,1
R1kKjAO5kZO6d0gQGqrvGA,0
A7Ozg-6573w_Ub2QwQRl2A,0
T9iBSa4pxYXP129pHlt5Sg,1
ajQhxTUPqp6KES4B9SNzIQ,1
r8T0cRi0nrePSO-Kscrpdg,0
EJkiV-vOO2NfQH71KeqaXw,1
Y293fHh5SZ0_9BZm4M6BCg,1
1ggcLvWPBDWnp5MVTRnoRg,0
k6PuJ964NF2NEoXoOg0ijA,0
GYPHQGaB4Oeq9veH-p2nKA,0
NaXqRvoW2Zg2wSghf9JqaA,-1
IgQa-Ig5wWMhDQRIWpbEgQ,1
-GPiLRLH0MWH6Pjs0WDglg,1
SS073W0tN3nvG36Qy6n0qg,2
DjdA1xbHki_lopCSxf-Egg,0
TWeA9VoP4hBSJtk3uHTEzg,1
W60Wa4fltX85k3T9VoKOjg,0
7eUFOcfxuXDdrHGVSp3_9A,1
xBCfrESSbroTjhVcRfG4NA,1
bbcMao703oGQPsZ6wvPirQ,1
SaIX7eay0vV-FxGPqTk1yA,1
roTWGaU-RcJ06l8cjFw7xQ,0
woihBX8gAaEDL4nWtao9dg,1
7Zo1DzdwZlGMxPu1AFMSsw,1
5ExteHEMPi6e_rinQ6RrIg,1
83sb0wFGPND90SZ5sYEcPA,1
09dr3kXV8Ff42Ur3mCh3LA,1
Po46YYAw1g-tH2ReFtkoiA,1
sWCH3c8XxBrF7aODVgQeQw,0
r9sGMJ084n4IS9eGmlCKjg,1
53YGfwmbW73JhFiemNeyzQ,1
5X9iW2qF5ecY78v35b5iWQ,1
Bm2PBs_AZEtx93zdtwqUJA,1
mPGgxatANSPw9KbMluhXkA,0
VjzclBdSXmf6uNrD0DG2bg,1
zOCdVUKUN3b-obT67Qjyww,0
VBhgkRUNe9gjc1HpmHA3Zw,1
zBGfa6Vx4K59v8OR81gzJg,1
-2gyHPSL8pJjkSe5Ozzw6Q,1
jnzROxEjNkgeo5Ju3F8qzQ,0
MqnlCLq3b34Lq1Y7j7NY_Q,1
XLn3Tm6Kr8SzJp8HuYXwnQ,1
uoLKwJeH1rWeqUC0D1La2g,1
hGQsnkndreW7b26XC2HVRA,0
6w_k3NCXF_p8UTWDxpOF5w,1
HQFscafV3wi5z4yOKdUGRg,0
0yBs5wbVw9gTIDe9Z-rMTg,0
RIPM5kJ6xHvIu6umgOrg4A,1
JW6fDZOuUKtJyZGeldh0xA,0
q33WQvdsAeJHbTDYnCvxMw,1
rSWmudRS67yE-j0Ew2i-mw,1
-pJVjm0t4F6sNHo77HlQKA,1
bZivzFTkkjNtUBSuMhoCtg,1
9Ep4sguv3HH_8lWyzSogjw,0
cpkgfMndi5ASbqGuBPz34g,2
IGrp61aiyR-PtL581brrcg,0
NkDveAzq_V6i352Lee8v-A,1
F83LblellrJu8dFdu3U2Sw,2
vz2zQQSjy-NnnKLZzjjoxA,1
He9Dar4bk2vyeiPC7TkUgA,0
AjE4uM-VaGP3QPCjSjIEaw,1
NmYTwkqyaCtEg3wifBkxkw,0
LMG0zsAkUSscIvmV9vvm3A,0
8MKeIqMlo6gTqBqXC0sj3A,1
ESZbVYzcM53NOWj2hVE-Ag,1
JUXPQQshoOV5LUKLtCrOtw,0
9rRSptl04yxZfHZQA8bvhA,1
91n02N35x38nvR1XH-jOAw,1
AibBhSh7lGTcmy4EzWYTZQ,2
_8Y-XNHmQ76xmxUQIrn0sA,1
79_ximd9-lVcXcWqZy8RgA,1
YZbDLZp0zhmgnIPflNZZfA,0
nytd8aC5Y9et_iMCuas-vg,1
pYaTHEgcpSei6xfkz2GUow,1
1621ir5mjVgbHwxCbMAEjg,1
qVF97zFYRaMmkEvbmLVheQ,1
1f0g466Geu4nDdJhYQ_Vhg,1
-JL0CWSLkkzFHZXlctnf8A,0
tyETqrYijm3cY4noCwl9Ww,1
2lLPZQMDbMFSDDJCd-5dsw,1
hwXFp8FKJ7ivQb8_f4X23g,1
Zx8_4zKdDBSO3qGrkukBIA,0
GvUgjHP0aooaD1dltpK_5w,0
3qx7XDbxPBPXX53u9qdG_w,1
F3wzildlt2jM4OAQ2Z0ZJw,1
di5qPql10Oxy1z8EmbAFMA,2
-3WVw1TNQbPBzaKCaQQ1AQ,1
e0vubCKi8KD8zC2C6FdbuQ,0
hkKvb6oXxn8ygoP5fFln1g,0
KDQqjVfqmLDwddpt3yKVNQ,1
Tkj0OoSsnwLBwnvJz9AAtw,2
9LE-Kan0uUHR7xCHi2j-lQ,1
HUU_y-nnIWWIpqMlB-8L2Q,1
PkBkqQpAoeX3Ogo5HBthQg,0
EreqxAEKm62XtDMRYXglDw,1
rKJfdpky5d8al-V6GPSP5A,2
PLLM4iCYy_OrT-53IZ88Qw,1
oBVS96DtPGk9GU8zPx5Hjg,0
3oZcTGb_oDHGwZFiP-7kxQ,0
R5WRtvNChTvGk6khIhCjeQ,1
2RusLQcgpQ2BajF_1zevKg,0
SmY_Xw31b2xyzsKbimQiHQ,1
3uKAHQr19vFUfBJuXdmhEA,1
1zPhQ3_jdmQTn9_--IbYLQ,1
r6rb6j66fAhqrvAqYJiiQw,1
I0UXl0AwcpSZCd4_3YCccA,1
6SWknDhTfrw3NyywMCyZJg,1
x6BemTnk7_eCuvbv5MflWQ,0
xWlCgISVtozxCztPA4nGaQ,1
BKR18gyfLzuFz0-4CYTeiw,1
SDetUVwhaCPGkQYqmUak6g,1
OPbWf_Dwzqda9sGVHQHtJw,1
PD1R_FR9RFNGuLJAXSr2xg,0
IXB3PGgSmw4bjTe9ll-tQw,1
tE3uoIhFGAc6-ZYM7lpjWQ,1
t-uJbFctqW2eGtlAIAI60g,1
P8YUA2bXP-wD3VOzWqKVyw,1
wzuIHNOJrxSwfhKt-wV1TA,1
1cGZU2gDewDfEu-bBMZEgQ,1
Our6bzte5W1wlIeOu9luug,0
YvQKDmSQqs-R7vPEWV2EiA,0
g9sBcVyH1MXLiTPDo06Wig,1
Pr9rQKypHgC_J1AfufxzIw,1
9dn3AMdwvD2KXnTr6AJY1g,1
To5CjntVFawXM_hpAhvVdQ,0
NNGJQF3WeIHzGzweCpZ-VA,0
EEC7t11ciQ6XUjkudRbYSg,0
ZShuQrMfLOmnUQbLP3dwpw,1
kCH4JxdKdwDfJdNFElSHzg,2
d840tbYJSVn8Fu-n5XRJTw,1
M4KIUu3-lAvD1xeWue7_OA,1
00eGk1ntf4RiDxVRY3gaIw,1
TnkxapUN4nWMz_z5h3qMYg,0
OWBd-CAE_H7UqpxRJCmuiw,1
dYf5eX8oK5ughIeghqifRQ,1
SXVI_RMuNWEoXDXlgtRfiw,1
NuFs1Sh5wUa7ZLISMtCMRA,0
IuAPYzf3NSyfyXYgT46YVA,0
sspvIv6br3Vto2s5JkeiMw,1
D1T1jtCfTfXD-cQE3QViow,1
Hgbxen9iKGL4AH6kKgC8YQ,1
gL-bTBj3lYtDz7H2IK4jUw,1
Sodko0hlMg7F5doNJGKcWQ,0
ZRJwVLyzEJq1VAihDhYiow,0
qyqOfpsAC5ooVROm7fB0jQ,0
GoS_IBdFdjZrQ7J2LSrCMA,1
-IEBe1UpCz8-dTAp8_fClw,1
Ofo5YwQGd2NAkJAHyO3tuw,1
4zkNU2m_LKPo2h790zfXAw,1
Lc-ZYyI83FpEe-8u_LSODQ,2
7UBVJqUExNhumdu-cWhe0Q,1
QlEU-1VCqJbTzSf8mFAZUg,1
fOup98Vso87ERYQ_6eYmeQ,1
1oFvqm7eSpJbVpxpPxueaA,1
46xWJ6rKZxnrSLWro6EOlA,1
sgBl3UDEcNYKwuUb92CYdA,0
YKOvlBNkF4KpUP9q7x862w,0
3rJE7qliy8_ylKhY5FdlIw,-1
l1kqHWtICTNk8TdCNisf5A,0
sUwVz00qBevDgt2dhe_KXA,1
K845ZDttFfx99zQ-0aE2tA,0
LXBrtq1JlpMg2HgCEUgUIw,1
GpK9MeUjEd7rwhejG2ykww,1
nLpV9fo8xml-QHOKyOje2A,1
TqHTtjPANCBKGsjGBjDoQQ,1
QVR7dsvBeg8xFt9B-vd1BA,0
5qElnvC0danGy0io0-NRKw,1
Wns0UP_28xk6uZ-b6LrMnQ,0
0nGjXTpUtpIJl10PL0eBGg,1
f96lWMIAUhYIYy9gOktivQ,2
7XfT2w9Eb2Xbu-iP4xulPQ,0
CuYHDItnOSfSlPfPDA9Btw,1
6md4A90THda31wTg1bB3hg,0
jZ9J99onAgRfwa5XeaQGSg,1
azBHKHqif0NXO3xcALo5VQ,0
32X-4aALQG3Sc_o5hVrv7Q,2
s685YHkO3lcId41bjp5KOw,1
i73rbGTSuH0Jynl2naIoAg,-1
sesJW8QAuJdCaH0FMyOGhQ,2
OreqUicD2AP5QW2HblqRoQ,0
WcGTSRku3mrVK7V9GKq4UQ,1
CqRoozwTWAz4ufcsiJBRSw,1
0z9gKwvyYZGA0FMa1Tgugw,1
z3zcsnK26QhC7TqDX73zvA,0
ZN-RG7wkT8MLsmaTPzIW5g,1
HQ8N_EwJA3NdF1UApsF-fA,1
cKxXBvOithS-Ic5KnhEKrg,0
0K35eGvzVRZEirNo5v_WfA,1
EYRaUAgeLc1gntkpZv2WHg,0
0q98gY5I_5Ad_zLowCDkGA,0
ADJIoHN3uLx-JalYl3r3Dw,0
yTf5mdwj7sWQMKIE8owiZg,0
nih6RQC-HttWiO28HOcfOA,1
863nEWkPZ7uD-ZRTmmJokw,0
m3EKlucZuwnOazLrRfnWaQ,1
WiAY7lyT-DC7Zk3StMMp0g,0
miUjtW5ZOc4WN0pB53VokA,-1
K3ixgWzwRVWYt3Kc1JqQ9A,1
yedGp-iaruaBykL7TswBtg,1
UBHENdQcmWBG3vnjz6OdMw,1
IwhkOh4fPsiU7TThIsz6Og,1
bzDs0u8I-z231QVdIQWkrA,1
h7GjXjxIhMVChtYeYvdX2Q,1
dbh72sNyNeHUgJqQye9Vbg,1
pvMeUi5Lw2O5vIXg9_EvDg,1
n6Hau_a7miaQtlb6gC2boQ,1
cjFDprdEXbDDdraONMy5Pg,0
-lOSaCuBRAvX5JBifx-EMw,0
BnVJmCTNrO8ZtbC1vkv9Zg,1
x5LrBYPOFlarnDvUTouL7Q,0
yC3ydbHAJTZ22FZp4LynFg,1
Az69nueCy94SVKkWaNNR0Q,1
wP5849J1DKB2KS3M6UwOAg,0
9SKdOoDHcFoxK5ZtsgHJoA,0
o2BeeJmpf_J9EmC8HQoHRA,1
_7EJtWjOjZsBUNRvzw-_Xg,1
P4ORLZJfbN9yExjg13gVMw,1
fWnGkLnZzv2yl3fB7xF40g,1
4gxZ5tPEqm0QnRkILa9cNQ,1
BQOLVEsUCPM4yJcNkTO2VQ,1
EfXg0Bnv4RAbP4xfgxSiiw,0
F5gT_aH4Q9KQWSEnYdyNlQ,1
sbjb1qNUcqQomJvcgPuJCg,1
lUnUMX5RveM7yvTGSyyJEQ,0
Xy2ZggzKRL1iAgfpLim2jA,0
ZDXZGMpA4IhIqmMIMdeHlA,1
LdI-fcJDXGE7ns_jwWY2ow,0
lfjzCAxtBzZiB9cxpn3BqQ,1
HXIwTk1zKEU9mvjkrMPLoQ,1
0idZ5QJ_divjmPyDzqktZA,1
LzpR_jE6VIutJ08s2cdRrw,0
Y3nETidvklwdqNeGRzdGNw,1
EVRoFKVKbgP-rz9_6enViQ,1
bewtZL-VV1oeGUdAhHVz6Q,1
MpbVyyqTuZZKzHvrTw4Npg,1
RT06SJHkloqMvNn1aXdpBw,1
oJ1xS-B6FJis_8_jdMBPLQ,0
VGOwmoYnmhH41IOQlB_Ecw,1
24V8QQWO6VaVggHdxjQQ_A,1
ETDtTBzXS8ag-AQKTr2lSA,1
CMTDZRDnv_O0rwAvRVbjvg,1
eZyqa81qS0LuH0Bv8vfvrw,0
qgJZUKNVY-LbGKk6XEP3JA,1
K45lBLY0uTnPduIOw7U_BQ,0
n4mfUCDXHsg0GH50HzJpug,0
LYLGCIqNQQrpMwOxJ1hlrg,1
1-1VcGTL3GyCqUpXZLFTZA,1
qW9UysjJw3y3CwEbzruEEw,1
1n1nP996n7h36qKMlukAQg,0
Z7ZxtGvUKiKThSfnaTj-pw,1
CSOubdSUxlgPT6GmpzbD5g,1
1F-pelV0fTduYV_vCrvjLA,1
Fg5VkQsHRm7V1Hq9GEsUBg,1
qBc36uFI7orWS8NpYZCv_w,1
fRtuc2k17r6aZMJWEMcXFQ,1
viQLBKFtCQkPykFUulVeuw,0
Rus-ewyqLj2D1RlqK-je4w,1
FKbLmiEDKqDolWzMXeusUQ,1
mBDhy9j4qwKRnf4h8UQnrQ,1
chFzObJSoxAbVlFfgk5JRg,2
5Igwt99qrbgFQTR7jFC6WA,1
EZ7MD_hOsBZuWEvSjXr7DA,1
YQvg0JCGRFUkb6reMMf3Iw,0
_L9E4eZWX0vdePNjU1xtuQ,1
iqLVYrsX25XUZqjRjvbYfg,0
V6_sVDynh9Q0rSfbPYrqjQ,1
K9fIADfO_zKFPFm75A1Hxw,1
hvaOgvC3F9b0G1eefGlzNQ,1
NrLDMGFcg56yv3mpsDilhQ,1
LGLOtR2e-v74MpB51k8hxQ,1
wbVDdv5cp5cHh6ckQlVMSQ,1
jfDBaBgwINrGYAo8p2MJ4g,0
pwsPmCKDMJQ9jTpdQFjFTA,0
sOliNuSVFm8rzB8XNWSVZg,1
p1ntTC9-CI6x5Y_nUoo6Ag,1
uYj2NO1HZRNiD-de_pSdJA,1
oY8GbtjAbisKsv72CJgd9Q,0
cHIhxFdHv8V_APEfZStsRg,1
KH8BMOHWAwBXCngmHxOXOQ,1
reMYkuDhLk4raAviOFtvOQ,1
pylPsmPr9KkUdHBFkFRaGA,1
-Rj4yXguyZ06ZMPMmoR9tg,0
_1GI_asXVGhOJMNF51SdlQ,1
o4DsvwwD2kIbF-EM4r9G8A,1
AaKlegu7gmOCD4rEESF76Q,0
onwUqByAIhtkyJsEITV5lQ,0
UCjtaUCtJPbTUouHtQURvQ,0
z3yFuLVrmH-3RJruPEMYKw,0
qls-_r8KdQw4lH9x60qYEw,0
igD5We_87JFrtaaR7bh_Xg,1
wrkErbl0Pi4mszqdqQ8_8g,1
faitVIiNezSN0ogZQSZPWQ,2
ObYf1kZVWfL8NocxUwGJKg,1
XmJtUUTpgmeYQs_69uZ89Q,1
q6mlASxOUhm5gapU_MPECA,0
-eEZHb5r8ZIzFfZAtekg1Q,1
quC5RWW7jSqVHGw0YCbwAw,0
MUd_a4ngT25KmKKn5hs-YA,1
wNUea3IXZWD63bbOQaOH-g,1
MAXKQMjuOQ17EAbKoTfUwQ,1
V4wiGd78Si52Gys9gmoZCg,1
wN_wAXWg8W94v04eqijy6g,0
H3oNY9CnCwqHTU5QMHEdew,0
0De3TQ_uSOXwgduKL0va3w,0
4V3_98M4SexonrOpE4Xm0A,0
zOJdahdaaLz7DpfdIucslg,0
FALYFv-KuziGr3D52qmeHg,1
L2J3JfjXZLnX1rLhWKthqA,0
2NnES_12fMqudH3L5bdrSA,0
DtFfUpwTeNkRW1dTVySavg,1
nUIkqgFimmLsB50WXVwTfg,1
k_aOcqWOHWprjs7ykdzlAQ,0
Ty8jreks3Xy9-Jt2CgAOeA,1
yktWUtKBja_Lzk3wwR6RFA,0
q2SZa5g85758iW1L9sSL1g,0
un3KC2gyMrSG6yqjVRctXg,1
I4bSn5gXsHuSPu7L-d_8nQ,1
xdv2kvaZodkWvTSV6pSSpA,1
7KCLeDNdFDkdoA6MUavxwQ,1
iuQeSS7KY4zVNqdfHTVdTQ,1
eA-qHFglOMhHwXcnHBRpNg,0
VF9wvcgVPDVa9LBDHPrXuw,1
VXIkI9_EbDbYHeO9IzKjJg,0
-PA_1J9JzxLcluTOw2gZjw,1
vi3TSM3KR-OW7LlHJ6QmEQ,1
KO9CpaSPOoqm0iCWm5scmg,0
MAfc2V_EVtyR9rMxxEAPLg,0
0db71MbrvcJnyk71COCJBg,0
rHFWPJML2WlGbad0Tqevxw,1
yWcOhjDHRbRTgycfgXHfdw,0
wzQAmzQopWcfoCG8lfiE_w,-1
q5fVx1YjEe38Ni-QoiNAqg,0
P8nxceIIh7XBuEwLWwrSyw,0
jqbrMBRsByyVBm8OoQ9dWA,0
k8q3ypIoIzchdp3RoRUsJw,1
2to5b5taseO9zZ9tnQqhlw,1
QcNC8YJCKIg8vFUPWcPQog,1
oRwWdpARqCjam6k_za8wOA,1
ufD1e1Fxgin3W0oOf3W5og,1
HMUvbAHRnbAczNrYy8e5MA,0
142B55RUI8L5rfwIuVatMA,1
Lsgq7g1PKY3fVkuwixbNCA,1
x-lEn6WxwqSNrdYdgjRsyw,0
Gm7JThEyUPMCLgTnSiGS-A,0
-0bUDim5OGuv8R0Qqq6J4A,1
DVYTS0ZLO-3ClAhMd99VYA,1
PkBqPU83bf1zArumGVHqcw,2
MEOC6ng0jPhQOX_BzEzf_w,1
WS1z1OAR0tRl4FsjdTGUFQ,0
QEXLvs_JbZ7BxFfyqLla0g,2
TxxhWPMILH40JlZbX7KNHA,1
EUr0vtwmoeKo3uWYxxUFiQ,1
Cv4kZH9zN0wpN2Drn0qkLg,0
bQ1s5pqX_UVWVQ-k4e9rAg,0
57RwRDqYrGrYJc2wwTgHLw,1
C_YBdVpxct0NqjrCJDBlxA,1
TMZP6Kzkc-FytzgbgIC9JA,0
M7aniatEjSZFFhkkwRI3mA,1
JgyUh1fMQhFBq2GiWU9teA,1
AryNioF9fxl8RYGiIE7fSA,1
neEGFNmmKibjExB4_215ZA,1
Sjze0CZyXdVuOrww7Laa2w,1
uevPN8zwJpBpnxRur1jUhw,1
1Duul3qCnLrNak1Np-iHfw,0
bLLYFwl3_CPRsquqUSoneA,1
-Rb9vXZjET2PfWMjLzZgvg,1
noLH_u4MJzfXYYHqcByjnA,0
O48Mv1VkQYZrDkR6LhnY4g,1
kcBHEBHnTx9ySJwOdaSgPA,0
z7Gsx3Kwa99PejQpf9Ps7Q,1
fgVwzwERnAicqg38PawxsA,0
LuTLXVyJvgshMlXTBw-Now,1
22s5idshuEIPlEcf1ObbMg,1
vTnuOWm41T1iKPNJ8PrtIg,1
lrSv_9iHCrbAFpPin2LcqQ,1
rVUEZpHQfWI_3kt0lBwaxQ,1
-4A5xmN21zi_TXnUESauUQ,0
ntN85eu27C04nwyPa8IHtw,0
YrTKu37eqg19i2-crujY9A,1
38TiseZcVyypjNzuOROOWQ,1
4rySWsfL5enT7t4XuVNJuQ,1
kR5i58Pcse1FD9tk-yYLlA,1
EkO-rwvMQBthDqIhKf24dg,1
PJMZjZ4xyx24VRIDU3q2sg,1
yPJFfglhMHAKciUpjTmgBg,0
XBm9ffI2pK-A_HcoHXAbcQ,0
YldXB1hRpnE1CWLF3mvgpQ,0
otZmnUqrdj1oENDd8N_4Wg,-1
6VpBO3WUToqfFQYEXnmD2A,0
Kh7cW1rcbxzsgTzAfqEcGw,1
4xofmDvGh2aD8Lgd0PH8GQ,0
6tq-oJui3bsePoAFn6x-sQ,1
sYZt3f1YFlg0ycDMyO-vJw,0
zDfaNgSYLn-TwquB5A6AaA,0
xz1fQwwVAhqA9MsmMaGyZA,1
L_MtTn4IUBTmQtqqM2iFqA,0
lDpZvI18smqlyBeC4YykFA,0
LI8-xzJrr27hOhzMtRTW2Q,0
rhN7xg5XzvRKvdAXE9lBtA,1
__etvGuL2dh_a1LOT0gNYQ,0
k6Si433-EJrY4J7SZxsnjA,1
5WRpxAc9lvonVGfuX34hlw,1
-Ogv7rpcgUHkFaSy3vD8Sw,0
--5jkZ3-nUPZxUvtcbr8Uw,1
3D8thbL2D2c3qTMeYROAOQ,0
pytGIsvsxzC64BbYhFHVjw,0
Xsl-i1otDd3GXJEkkKJCaw,1
GfMRsE7rYqNyfC6wUYZkzA,1
SgTjnyElc26gPUghVuCuSQ,1
7WGBi29_vj_7RcPVxpLNHA,0
4XVECNP7u2WBr2us6yTS1w,0
h53YuCiIDfEFSJCQpk8v1g,1
QAUDLYNxhHGdUn5YP7au_w,1
Bn-uexjtzqZfeQKpxLMTDA,1
m34siNIv_F15LIzkmxP7-g,1
6syMU43FKGkcbX2957Ga8A,1
ScvhAJe5lIJ7_SIvNTDfgg,1
8T8B_xK10FuO6MBOFcVQ3w,1
Y-9dJvw-J2d9QKfuL7mKgA,1
Cd6B3ErSmNwTjDlju_lU3g,1
Kj2SCzhHuULRdTKg6Y2aeg,1
9OtcE1XTl3xeB-icTU15FQ,1
lJcXm5UJ2yAGcX6hUN2kfg,0
R53UdKGf8uKUIqErS4vc0g,2
I1rvqU2k5UQGo2lGdY6hyw,1
E6HzAdx2vyZVyuNoa4-Xaw,0
Lbue8gqRiBPEnA7g7H1qdw,0
_io-CVnCgHyt0vpTCrP13A,0
kaeF6dd_f_Hd7raszKWAWg,1
-h-q6zTIdPlkz9BDP11sBg,0
tfVKzEDu8XYyP8KO1dsNvQ,1
pAu8UuWTLTLai61TW8-tZw,0
bLbZRs9Kcy1aXsdRWYJIgg,1
FdAi2yvDJC1LPZOLhaoo6w,1
-p-9eBYvts8tcalo5IWOKw,0
6TWRuHn24DL6vnW8Uyu4Vw,1
i_hOxNY8Afk4GotULnTMcA,1
FIQ3z8gmwgagH9XsPx9BdQ,1
vYEUEID47mgenrTBsvL9Xw,1
RFeDe3fNr14kvUKlVx6_4w,1
seMhyOy1AHHE1_ZLm2R_BQ,-1
MJ6_uOT55dq5ALphFqMVkw,0
CEq1jgP-F6roehvSiv30dQ,1
yOYFhiTjT-SM4spKtDk92w,0
zT6-dsC8HiDlQI6AjYuHRg,2
hyff2JyqQgf85MaJZslHCg,0
9xsmSRFD8riQF7UCBrD88g,1
bc-lE-wGVAsUrX-kJhtY-Q,1
MhvT7kwSYnleQwRYJP2syQ,0
Dq6NZW66eTf-WjhT7MlvUw,1
7UZQ6qGX8lP7a3jokfYVjQ,1
SYHatptm7gpcmYjW1d-o5A,1
pJ4dMyXSAcy5Pabo9JLHvw,1
d0t_mDIQqtPatJx_4mlSvg,0
2a7jnB4Hr5QiRAb9kPyVlQ,1
Me6hKl5pjH2KCuxLZm6pzQ,0
YF7SYuFzjlowh5Q63-Xd3A,0
r-8wS4RTfRJtWM0DvdaCtQ,0
J8qrjr3GtTBat-ZGfHUmeg,1
3e00b3ic-7J7TcSklYVauw,-1
bbmuF6LtbP51bk0Ia0p1rw,1
QCxXYA13PtkD3wec47_r8Q,0
9YUe5J_cPCBo_mL7-z9HCQ,0
9Vu9KhK2-kBSM-FXvxXGNg,0
0ONypOKIhttBz9IJzBE8jg,1
rOEWuLpnYJVvm4REIgXt7A,1
IceZ4BtTz76eppjNWm-c6A,1
VpHNYumY3F92a90AArkFyQ,1
DJze-lgFSmKJtMROr2Vddw,1
OSL98Keoc2FSNx4a3ge5Uw,0
FW2Z4ll4zSOEDAJX9-wBZA,1
mbpDk_uvYwH2ZPo8LoJYxg,0
WNy1uzcmm_UHmTyR--o5IA,1
AhpzPZH3b0PGT9mVoLCQDg,0
5SS69rC8XWvdlD1OHifEEQ,0
lLt_fT0SdOEe8hHyGcoloA,1
PxeX1M8WtyPxX1MuuGIh-g,0
fv2WqPvS4YfxCm6YWqrvLg,0
M_YNzre9XrANx3G6ga3RdQ,1
oc0Wl6ktfMLb5VZ2Uz6M2A,0
tdeHd2AVYlEnz9F1UGb84Q,0
fFlMAm0RBdfzrDfpicTPJg,1
6FGwEHnoD-mM-PiXrhxOlw,1
amQir2cEG2MV625L0dE8aQ,1
ykfL94V9KLT86s_tTzxwZQ,1
_RBUU1y4yJrK0SPAd8z0-w,1
P7wKlbSRsoRrfH3DFOY08A,0
fJ5raoVcN-nD8vFswMFXzQ,0
kXlQIQMZSKBXEzxby2jDDA,1
_HAYDjkPJVabBXyvx-u9YQ,1
v6zRA0WqOODJjmpvstrpGQ,1
_gXpjRIjb5fv5f5IVGXvsw,0
Y9D61SRDiTAYJeaVbqvbFg,0
N2RtQLz2TiTpaMJoDoUpeA,1
sa-CgzlC0m5xrspvBbz6xA,0
4IzlijxSSSFdZyh6-da_Qw,1
-fsCfTYEnJ4s6yStgBnQig,0
jJcYziuHjrDo36PTqEPFUA,1
22K8kQzK4UtLwQAwOCf0MA,1
QnAzW6KMSciUcuJ20oI3Bw,0
8m08a9xJKmANwmeuR-0bPA,1
DlCtdbceo4YNSI53cCL2lg,0
immAndhZ-o1qrlFrIw8YjQ,1
Y-NqaDy_1bb-Y5dQ33x-Pw,0
7L1nTusLqkuOwGdDAa1new,2
vBDVxjMtXzZ8GUhV-1L3Jw,1
YcNoZBYL7rKYMiyoLGiG2A,1
1LSxfyNIUFbQb-Ej0FDGTw,1
2RxIERKZi5gjLW76MkFotQ,1
4Hi-45RQRl2FOkPhEgNTnA,1
XyE2QzPQjhvMXpSyw5Kvog,0
jJhNOhuGpIsJX5SEUFFWYQ,0
HFj8LRDtS62uGAj-J_eNOw,1
9ziO3NpoNTKHvIKCBFB_fQ,0
22Fb2lIMMYtvsxXC98bFpA,1
pAHUC05ceak48e745i6G4g,1
UtUXhKh7vOVvWJF48IzJvQ,0
0AZiq_OMKs3I9lTmwd5PSg,-1
CdOb17NMdQpagyHSxv5mHA,0
zARGEdB0JyPCPR0f3FKGxQ,1
dcd3C1gWv-vVdQ9XYV8Ubw,1
5GpvSL1tlAjpgdJKZ5eLpg,1
R3sbDS0YcJDedSmUjwE48Q,1
zwToyWL4dT1clsFPK9wI2w,0
vxPPpj5jJKO8DtapF5S-NQ,1
WYk91WPklqRWuk9z9DsPDw,0
-XQAYmeTFv4MR-M5XAZmWw,0
PQr-HtmAbVoHYOJcESS0AQ,1
2FudHUhV9U54dm0S1ePuCw,1
ioGIaoswvbbeY8P965IYRA,1
iDYzGVIF1TDWdjHNgNjCVw,1
Knb3qsWKs9765JAGwyV1mA,1
DfLML2IlhUqztTBURxOAxg,1
WODjOwrESd5SKl6Z0cEuBg,1
M8h8cZ4YYFVH8yNHZuKIVg,0
5Va2HCh_R2fhdGI15K32XA,0
DBoebGeuz91QAP3tSFYs6w,0
hfdiI70VeWZPfe-DTQancg,1
trAvQPp7gps0Btk-2AmLpw,1
wKyPsocYcn6kqx2gNWJO_Q,0
lUuJNwIaIz83awgyvI7oCQ,1
gEgPQbren8pHSEQp3vqprg,1
Tlp5G-slaW4XKRxhgjaCpA,2
Q-lzzaCl5-yD2KgZcXevjA,1
9BOeSWUvmh4rRhpQNgrdqA,1
FPboZrUMSNYE4Yy_0fX-Ug,1
Um5VnQXli9IwplV2rmgggg,1
EuNV8_SReV_3KeET2Ums6A,0
czhraO8_Zs3ewkdZtVwTIA,2
-mz0Zr0Dw6ZASg7_ah1R8A,1
jtqPBGcsvmKI7VeHLG0KsQ,0
azLb_kP6VHKSF0dMTfc3rA,1
RkSU74wqRh0GdMYObcxTxQ,1
AoJUauqYx9rjBPouocdFjg,1
